test,opt,compiler,compile_status,run_status,exit_code,compile_time_s,median_run_time_s,binary_size_bytes,output,error
t051_palindromic_substrings.c,-O0,gcc-9,OK,PASS,0,0.2273,0.001310,16080,palindromes=8955,
t051_palindromic_substrings.c,-O0,gcc-12,OK,PASS,0,0.1230,0.001028,16080,palindromes=8955,
t051_palindromic_substrings.c,-O0,clang-11,OK,PASS,0,0.3206,0.001354,16032,palindromes=8955,
t051_palindromic_substrings.c,-O0,clang-15,OK,PASS,0,0.3569,0.001087,16144,palindromes=8955,
t051_palindromic_substrings.c,-O1,gcc-9,OK,PASS,0,0.0609,0.000886,16056,palindromes=8955,
t051_palindromic_substrings.c,-O1,gcc-12,OK,PASS,0,0.0631,0.001179,16056,palindromes=8955,
t051_palindromic_substrings.c,-O1,clang-11,OK,PASS,0,0.0906,0.001079,16032,palindromes=8955,
t051_palindromic_substrings.c,-O1,clang-15,OK,PASS,0,0.1024,0.001050,16112,palindromes=8955,
t051_palindromic_substrings.c,-O2,gcc-9,OK,PASS,0,0.0587,0.000894,16056,palindromes=8955,
t051_palindromic_substrings.c,-O2,gcc-12,OK,PASS,0,0.0792,0.001002,16056,palindromes=8955,
t051_palindromic_substrings.c,-O2,clang-11,OK,PASS,0,0.0914,0.000927,16008,palindromes=8955,
t051_palindromic_substrings.c,-O2,clang-15,OK,PASS,0,0.0895,0.001113,16112,palindromes=8955,
t051_palindromic_substrings.c,-O3,gcc-9,OK,PASS,0,0.0578,0.000888,16056,palindromes=8955,
t051_palindromic_substrings.c,-O3,gcc-12,OK,PASS,0,0.0673,0.000937,16056,palindromes=8955,
t051_palindromic_substrings.c,-O3,clang-11,OK,PASS,0,0.0956,0.001003,16008,palindromes=8955,
t051_palindromic_substrings.c,-O3,clang-15,OK,PASS,0,0.1046,0.001030,16112,palindromes=8955,
t052_kmp_pattern_search.c,-O0,gcc-9,OK,PASS,0,0.0460,0.051484,16168,kmp=7736 naive=7736,
t052_kmp_pattern_search.c,-O0,gcc-12,OK,PASS,0,0.0568,0.050859,16168,kmp=7736 naive=7736,
t052_kmp_pattern_search.c,-O0,clang-11,OK,PASS,0,0.0774,0.038446,16072,kmp=7736 naive=7736,
t052_kmp_pattern_search.c,-O0,clang-15,OK,PASS,0,0.0879,0.052319,16184,kmp=7736 naive=7736,
t052_kmp_pattern_search.c,-O1,gcc-9,OK,PASS,0,0.0610,0.028420,16152,kmp=7736 naive=7736,
t052_kmp_pattern_search.c,-O1,gcc-12,OK,PASS,0,0.0715,0.027668,16144,kmp=7736 naive=7736,
t052_kmp_pattern_search.c,-O1,clang-11,OK,PASS,0,0.0885,0.033695,16032,kmp=7736 naive=7736,
t052_kmp_pattern_search.c,-O1,clang-15,OK,PASS,0,0.0961,0.028933,16112,kmp=7736 naive=7736,
t052_kmp_pattern_search.c,-O2,gcc-9,OK,PASS,0,0.0648,0.023001,16104,kmp=7736 naive=7736,
t052_kmp_pattern_search.c,-O2,gcc-12,OK,PASS,0,0.0800,0.025625,16104,kmp=7736 naive=7736,
t052_kmp_pattern_search.c,-O2,clang-11,OK,PASS,0,0.0971,0.029081,16000,kmp=7736 naive=7736,
t052_kmp_pattern_search.c,-O2,clang-15,OK,PASS,0,0.1024,0.029838,16112,kmp=7736 naive=7736,
t052_kmp_pattern_search.c,-O3,gcc-9,OK,PASS,0,0.0658,0.023197,16104,kmp=7736 naive=7736,
t052_kmp_pattern_search.c,-O3,gcc-12,OK,PASS,0,0.0803,0.023313,16104,kmp=7736 naive=7736,
t052_kmp_pattern_search.c,-O3,clang-11,OK,PASS,0,0.1027,0.030477,16000,kmp=7736 naive=7736,
t052_kmp_pattern_search.c,-O3,clang-15,OK,PASS,0,0.1031,0.029295,16112,kmp=7736 naive=7736,
t053_word_count_statistics.c,-O0,gcc-9,OK,PASS,0,0.0472,0.010603,16184,"words=55507 longest=64 total=333534
1:8992 2:7811 3:6466 4:5372 5:4500 6:3729 7:3104 8:2537 9:2234 10:1771 11:1525 12:1221 13:1083 14:851 15:4311",
t053_word_count_statistics.c,-O0,gcc-12,OK,PASS,0,0.0546,0.010542,16176,"words=55507 longest=64 total=333534
1:8992 2:7811 3:6466 4:5372 5:4500 6:3729 7:3104 8:2537 9:2234 10:1771 11:1525 12:1221 13:1083 14:851 15:4311",
t053_word_count_statistics.c,-O0,clang-11,OK,PASS,0,0.0790,0.006556,16088,"words=55507 longest=64 total=333534
1:8992 2:7811 3:6466 4:5372 5:4500 6:3729 7:3104 8:2537 9:2234 10:1771 11:1525 12:1221 13:1083 14:851 15:4311",
t053_word_count_statistics.c,-O0,clang-15,OK,PASS,0,0.0917,0.011332,16200,"words=55507 longest=64 total=333534
1:8992 2:7811 3:6466 4:5372 5:4500 6:3729 7:3104 8:2537 9:2234 10:1771 11:1525 12:1221 13:1083 14:851 15:4311",
t053_word_count_statistics.c,-O1,gcc-9,OK,PASS,0,0.0613,0.006753,16184,"words=55507 longest=64 total=333534
1:8992 2:7811 3:6466 4:5372 5:4500 6:3729 7:3104 8:2537 9:2234 10:1771 11:1525 12:1221 13:1083 14:851 15:4311",
t053_word_count_statistics.c,-O1,gcc-12,OK,PASS,0,0.0673,0.006561,16184,"words=55507 longest=64 total=333534
1:8992 2:7811 3:6466 4:5372 5:4500 6:3729 7:3104 8:2537 9:2234 10:1771 11:1525 12:1221 13:1083 14:851 15:4311",
t053_word_count_statistics.c,-O1,clang-11,OK,PASS,0,0.0894,0.006794,16088,"words=55507 longest=64 total=333534
1:8992 2:7811 3:6466 4:5372 5:4500 6:3729 7:3104 8:2537 9:2234 10:1771 11:1525 12:1221 13:1083 14:851 15:4311",
t053_word_count_statistics.c,-O1,clang-15,OK,PASS,0,0.1006,0.005644,16168,"words=55507 longest=64 total=333534
1:8992 2:7811 3:6466 4:5372 5:4500 6:3729 7:3104 8:2537 9:2234 10:1771 11:1525 12:1221 13:1083 14:851 15:4311",
t053_word_count_statistics.c,-O2,gcc-9,OK,PASS,0,0.0607,0.005252,16160,"words=55507 longest=64 total=333534
1:8992 2:7811 3:6466 4:5372 5:4500 6:3729 7:3104 8:2537 9:2234 10:1771 11:1525 12:1221 13:1083 14:851 15:4311",
t053_word_count_statistics.c,-O2,gcc-12,OK,PASS,0,0.0722,0.005176,16152,"words=55507 longest=64 total=333534
1:8992 2:7811 3:6466 4:5372 5:4500 6:3729 7:3104 8:2537 9:2234 10:1771 11:1525 12:1221 13:1083 14:851 15:4311",
t053_word_count_statistics.c,-O2,clang-11,OK,PASS,0,0.0926,0.005608,16064,"words=55507 longest=64 total=333534
1:8992 2:7811 3:6466 4:5372 5:4500 6:3729 7:3104 8:2537 9:2234 10:1771 11:1525 12:1221 13:1083 14:851 15:4311",
t053_word_count_statistics.c,-O2,clang-15,OK,PASS,0,0.1002,0.005419,16168,"words=55507 longest=64 total=333534
1:8992 2:7811 3:6466 4:5372 5:4500 6:3729 7:3104 8:2537 9:2234 10:1771 11:1525 12:1221 13:1083 14:851 15:4311",
t053_word_count_statistics.c,-O3,gcc-9,OK,PASS,0,0.0675,0.005377,16160,"words=55507 longest=64 total=333534
1:8992 2:7811 3:6466 4:5372 5:4500 6:3729 7:3104 8:2537 9:2234 10:1771 11:1525 12:1221 13:1083 14:851 15:4311",
t053_word_count_statistics.c,-O3,gcc-12,OK,PASS,0,0.0746,0.005338,16152,"words=55507 longest=64 total=333534
1:8992 2:7811 3:6466 4:5372 5:4500 6:3729 7:3104 8:2537 9:2234 10:1771 11:1525 12:1221 13:1083 14:851 15:4311",
t053_word_count_statistics.c,-O3,clang-11,OK,PASS,0,0.0896,0.005324,16064,"words=55507 longest=64 total=333534
1:8992 2:7811 3:6466 4:5372 5:4500 6:3729 7:3104 8:2537 9:2234 10:1771 11:1525 12:1221 13:1083 14:851 15:4311",
t053_word_count_statistics.c,-O3,clang-15,OK,PASS,0,0.1050,0.005441,16168,"words=55507 longest=64 total=333534
1:8992 2:7811 3:6466 4:5372 5:4500 6:3729 7:3104 8:2537 9:2234 10:1771 11:1525 12:1221 13:1083 14:851 15:4311",
t054_caesar_cipher.c,-O0,gcc-9,OK,PASS,0,0.0478,0.006084,16176,roundtrip=1 hash=14232219043689970189,
t054_caesar_cipher.c,-O0,gcc-12,OK,PASS,0,0.0535,0.005933,16176,roundtrip=1 hash=14232219043689970189,
t054_caesar_cipher.c,-O0,clang-11,OK,PASS,0,0.0725,0.004345,16136,roundtrip=1 hash=14232219043689970189,
t054_caesar_cipher.c,-O0,clang-15,OK,PASS,0,0.0815,0.006184,16248,roundtrip=1 hash=14232219043689970189,
t054_caesar_cipher.c,-O1,gcc-9,OK,PASS,0,0.0591,0.003821,16152,roundtrip=1 hash=14232219043689970189,
t054_caesar_cipher.c,-O1,gcc-12,OK,PASS,0,0.0670,0.003129,16152,roundtrip=1 hash=14232219043689970189,
t054_caesar_cipher.c,-O1,clang-11,OK,PASS,0,0.0934,0.004335,16136,roundtrip=1 hash=14232219043689970189,
t054_caesar_cipher.c,-O1,clang-15,OK,PASS,0,0.0995,0.003539,16216,roundtrip=1 hash=14232219043689970189,
t054_caesar_cipher.c,-O2,gcc-9,OK,PASS,0,0.0584,0.003211,16152,roundtrip=1 hash=14232219043689970189,
t054_caesar_cipher.c,-O2,gcc-12,OK,PASS,0,0.0856,0.002664,16152,roundtrip=1 hash=14232219043689970189,
t054_caesar_cipher.c,-O2,clang-11,OK,PASS,0,0.0878,0.003725,16104,roundtrip=1 hash=14232219043689970189,
t054_caesar_cipher.c,-O2,clang-15,OK,PASS,0,0.1058,0.002926,16216,roundtrip=1 hash=14232219043689970189,
t054_caesar_cipher.c,-O3,gcc-9,OK,PASS,0,0.0615,0.002706,16152,roundtrip=1 hash=14232219043689970189,
t054_caesar_cipher.c,-O3,gcc-12,OK,PASS,0,0.0738,0.002670,16152,roundtrip=1 hash=14232219043689970189,
t054_caesar_cipher.c,-O3,clang-11,OK,PASS,0,0.0881,0.003761,16104,roundtrip=1 hash=14232219043689970189,
t054_caesar_cipher.c,-O3,clang-15,OK,PASS,0,0.1074,0.003036,16216,roundtrip=1 hash=14232219043689970189,
t055_run_length_encoding.c,-O0,gcc-9,OK,PASS,0,0.0478,0.008927,16184,encoded=177216 decoded=400000 ok=1,
t055_run_length_encoding.c,-O0,gcc-12,OK,PASS,0,0.0557,0.008765,16176,encoded=177216 decoded=400000 ok=1,
t055_run_length_encoding.c,-O0,clang-11,OK,PASS,0,0.0769,0.008819,16144,encoded=177216 decoded=400000 ok=1,
t055_run_length_encoding.c,-O0,clang-15,OK,PASS,0,0.0862,0.009363,16248,encoded=177216 decoded=400000 ok=1,
t055_run_length_encoding.c,-O1,gcc-9,OK,PASS,0,0.0726,0.006012,16184,encoded=177216 decoded=400000 ok=1,
t055_run_length_encoding.c,-O1,gcc-12,OK,PASS,0,0.0701,0.005788,16184,encoded=177216 decoded=400000 ok=1,
t055_run_length_encoding.c,-O1,clang-11,OK,PASS,0,0.0938,0.006875,16192,encoded=177216 decoded=400000 ok=1,
t055_run_length_encoding.c,-O1,clang-15,OK,PASS,0,0.1098,0.005469,16272,encoded=177216 decoded=400000 ok=1,
t055_run_length_encoding.c,-O2,gcc-9,OK,PASS,0,0.0699,0.005478,16160,encoded=177216 decoded=400000 ok=1,
t055_run_length_encoding.c,-O2,gcc-12,OK,PASS,0,0.0811,0.005602,16160,encoded=177216 decoded=400000 ok=1,
t055_run_length_encoding.c,-O2,clang-11,OK,PASS,0,0.1181,0.007464,16160,encoded=177216 decoded=400000 ok=1,
t055_run_length_encoding.c,-O2,clang-15,OK,PASS,0,0.1062,0.005464,16272,encoded=177216 decoded=400000 ok=1,
t055_run_length_encoding.c,-O3,gcc-9,OK,PASS,0,0.0776,0.005269,16160,encoded=177216 decoded=400000 ok=1,
t055_run_length_encoding.c,-O3,gcc-12,OK,PASS,0,0.0924,0.005151,16160,encoded=177216 decoded=400000 ok=1,
t055_run_length_encoding.c,-O3,clang-11,OK,PASS,0,0.1028,0.006361,16160,encoded=177216 decoded=400000 ok=1,
t055_run_length_encoding.c,-O3,clang-15,OK,PASS,0,0.1123,0.005427,16272,encoded=177216 decoded=400000 ok=1,
t056_fnv1a_hash_buffer.c,-O0,gcc-9,OK,PASS,0,0.0453,0.068029,16080,0ff6020ce69bf980,
t056_fnv1a_hash_buffer.c,-O0,gcc-12,OK,PASS,0,0.0748,0.070194,16080,0ff6020ce69bf980,
t056_fnv1a_hash_buffer.c,-O0,clang-11,OK,PASS,0,0.0793,0.028775,16032,0ff6020ce69bf980,
t056_fnv1a_hash_buffer.c,-O0,clang-15,OK,PASS,0,0.0879,0.061459,16144,0ff6020ce69bf980,
t056_fnv1a_hash_buffer.c,-O1,gcc-9,OK,PASS,0,0.0571,0.024253,16056,0ff6020ce69bf980,
t056_fnv1a_hash_buffer.c,-O1,gcc-12,OK,PASS,0,0.0617,0.024046,16056,0ff6020ce69bf980,
t056_fnv1a_hash_buffer.c,-O1,clang-11,OK,PASS,0,0.0825,0.034348,16032,0ff6020ce69bf980,
t056_fnv1a_hash_buffer.c,-O1,clang-15,OK,PASS,0,0.0926,0.024130,16112,0ff6020ce69bf980,
t056_fnv1a_hash_buffer.c,-O2,gcc-9,OK,PASS,0,0.0568,0.024092,16056,0ff6020ce69bf980,
t056_fnv1a_hash_buffer.c,-O2,gcc-12,OK,PASS,0,0.0631,0.024285,16056,0ff6020ce69bf980,
t056_fnv1a_hash_buffer.c,-O2,clang-11,OK,PASS,0,0.0840,0.023356,16000,0ff6020ce69bf980,
t056_fnv1a_hash_buffer.c,-O2,clang-15,OK,PASS,0,0.0921,0.024079,16112,0ff6020ce69bf980,
t056_fnv1a_hash_buffer.c,-O3,gcc-9,OK,PASS,0,0.0571,0.024671,16056,0ff6020ce69bf980,
t056_fnv1a_hash_buffer.c,-O3,gcc-12,OK,PASS,0,0.0653,0.024459,16056,0ff6020ce69bf980,
t056_fnv1a_hash_buffer.c,-O3,clang-11,OK,PASS,0,0.0916,0.023388,16000,0ff6020ce69bf980,
t056_fnv1a_hash_buffer.c,-O3,clang-15,OK,PASS,0,0.0903,0.024128,16112,0ff6020ce69bf980,
t057_anagram_signatures.c,-O0,gcc-9,OK,PASS,0,0.0487,0.008006,16160,distinct=1687,
t057_anagram_signatures.c,-O0,gcc-12,OK,PASS,0,0.0552,0.008089,16152,distinct=1687,
t057_anagram_signatures.c,-O0,clang-11,OK,PASS,0,0.0778,0.009871,16056,distinct=1687,
t057_anagram_signatures.c,-O0,clang-15,OK,PASS,0,0.0893,0.009051,16168,distinct=1687,
t057_anagram_signatures.c,-O1,gcc-9,OK,PASS,0,0.0672,0.005292,16136,distinct=1687,
t057_anagram_signatures.c,-O1,gcc-12,OK,PASS,0,0.0673,0.005045,16136,distinct=1687,
t057_anagram_signatures.c,-O1,clang-11,OK,PASS,0,0.0916,0.005817,16056,distinct=1687,
t057_anagram_signatures.c,-O1,clang-15,OK,PASS,0,0.1046,0.004976,16144,distinct=1687,
t057_anagram_signatures.c,-O2,gcc-9,OK,PASS,0,0.0641,0.004818,16136,distinct=1687,
t057_anagram_signatures.c,-O2,gcc-12,OK,PASS,0,0.0782,0.004998,16136,distinct=1687,
t057_anagram_signatures.c,-O2,clang-11,OK,PASS,0,0.0979,0.004764,16032,distinct=1687,
t057_anagram_signatures.c,-O2,clang-15,OK,PASS,0,0.1105,0.004346,16144,distinct=1687,
t057_anagram_signatures.c,-O3,gcc-9,OK,PASS,0,0.0705,0.004580,16136,distinct=1687,
t057_anagram_signatures.c,-O3,gcc-12,OK,PASS,0,0.0865,0.004781,16136,distinct=1687,
t057_anagram_signatures.c,-O3,clang-11,OK,PASS,0,0.0981,0.004664,16032,distinct=1687,
t057_anagram_signatures.c,-O3,clang-15,OK,PASS,0,0.1107,0.004479,16144,distinct=1687,
t058_base64_encode.c,-O0,gcc-9,OK,PASS,0,0.0468,0.005088,16128,length=400004 hash=15974835612122550728 tail=4gGwQA==,
t058_base64_encode.c,-O0,gcc-12,OK,PASS,0,0.0546,0.005113,16128,length=400004 hash=15974835612122550728 tail=4gGwQA==,
t058_base64_encode.c,-O0,clang-11,OK,PASS,0,0.0749,0.003460,16080,length=400004 hash=15974835612122550728 tail=4gGwQA==,
t058_base64_encode.c,-O0,clang-15,OK,PASS,0,0.0850,0.005643,16192,length=400004 hash=15974835612122550728 tail=4gGwQA==,
t058_base64_encode.c,-O1,gcc-9,OK,PASS,0,0.0564,0.002825,16112,length=400004 hash=15974835612122550728 tail=4gGwQA==,
t058_base64_encode.c,-O1,gcc-12,OK,PASS,0,0.0691,0.002805,16104,length=400004 hash=15974835612122550728 tail=4gGwQA==,
t058_base64_encode.c,-O1,clang-11,OK,PASS,0,0.0876,0.003466,16080,length=400004 hash=15974835612122550728 tail=4gGwQA==,
t058_base64_encode.c,-O1,clang-15,OK,PASS,0,0.1032,0.002741,16168,length=400004 hash=15974835612122550728 tail=4gGwQA==,
t058_base64_encode.c,-O2,gcc-9,OK,PASS,0,0.0698,0.002852,16112,length=400004 hash=15974835612122550728 tail=4gGwQA==,
t058_base64_encode.c,-O2,gcc-12,OK,PASS,0,0.0755,0.002757,16104,length=400004 hash=15974835612122550728 tail=4gGwQA==,
t058_base64_encode.c,-O2,clang-11,OK,PASS,0,0.0998,0.002799,16056,length=400004 hash=15974835612122550728 tail=4gGwQA==,
t058_base64_encode.c,-O2,clang-15,OK,PASS,0,0.0983,0.002836,16168,length=400004 hash=15974835612122550728 tail=4gGwQA==,
t058_base64_encode.c,-O3,gcc-9,OK,PASS,0,0.0633,0.002719,16112,length=400004 hash=15974835612122550728 tail=4gGwQA==,
t058_base64_encode.c,-O3,gcc-12,OK,PASS,0,0.0740,0.002723,16104,length=400004 hash=15974835612122550728 tail=4gGwQA==,
t058_base64_encode.c,-O3,clang-11,OK,PASS,0,0.0932,0.002785,16056,length=400004 hash=15974835612122550728 tail=4gGwQA==,
t058_base64_encode.c,-O3,clang-15,OK,PASS,0,0.1014,0.002826,16168,length=400004 hash=15974835612122550728 tail=4gGwQA==,
t059_itoa_atoi_roundtrip.c,-O0,gcc-9,OK,PASS,0,0.0476,0.158063,16168,length=19482591 mismatches=0,
t059_itoa_atoi_roundtrip.c,-O0,gcc-12,OK,PASS,0,0.0576,0.157776,16168,length=19482591 mismatches=0,
t059_itoa_atoi_roundtrip.c,-O0,clang-11,OK,PASS,0,0.0741,0.191954,16000,length=19482591 mismatches=0,
t059_itoa_atoi_roundtrip.c,-O0,clang-15,OK,PASS,0,0.0823,0.195915,16112,length=19482591 mismatches=0,
t059_itoa_atoi_roundtrip.c,-O1,gcc-9,OK,PASS,0,0.0557,0.056025,16040,length=19482591 mismatches=0,
t059_itoa_atoi_roundtrip.c,-O1,gcc-12,OK,PASS,0,0.0663,0.055992,16040,length=19482591 mismatches=0,
t059_itoa_atoi_roundtrip.c,-O1,clang-11,OK,PASS,0,0.0963,0.052237,16000,length=19482591 mismatches=0,
t059_itoa_atoi_roundtrip.c,-O1,clang-15,OK,PASS,0,0.0994,0.052468,16048,length=19482591 mismatches=0,
t059_itoa_atoi_roundtrip.c,-O2,gcc-9,OK,PASS,0,0.0616,0.046111,16040,length=19482591 mismatches=0,
t059_itoa_atoi_roundtrip.c,-O2,gcc-12,OK,PASS,0,0.0732,0.044378,16040,length=19482591 mismatches=0,
t059_itoa_atoi_roundtrip.c,-O2,clang-11,OK,PASS,0,0.1033,0.057514,15936,length=19482591 mismatches=0,
t059_itoa_atoi_roundtrip.c,-O2,clang-15,OK,PASS,0,0.1118,0.082585,16048,length=19482591 mismatches=0,
t059_itoa_atoi_roundtrip.c,-O3,gcc-9,OK,PASS,0,0.0767,0.053071,16040,length=19482591 mismatches=0,
t059_itoa_atoi_roundtrip.c,-O3,gcc-12,OK,PASS,0,0.0981,0.037025,16040,length=19482591 mismatches=0,
t059_itoa_atoi_roundtrip.c,-O3,clang-11,OK,PASS,0,0.0971,0.052504,15936,length=19482591 mismatches=0,
t059_itoa_atoi_roundtrip.c,-O3,clang-15,OK,PASS,0,0.1106,0.081683,16048,length=19482591 mismatches=0,
t060_popcount_methods.c,-O0,gcc-9,OK,PASS,0,0.0506,0.350941,16176,loop=80000009 table=80000009 builtin=80000009,
t060_popcount_methods.c,-O0,gcc-12,OK,PASS,0,0.0596,0.348654,16176,loop=80000009 table=80000009 builtin=80000009,
t060_popcount_methods.c,-O0,clang-11,OK,PASS,0,0.0817,0.214397,16016,loop=80000009 table=80000009 builtin=80000009,
t060_popcount_methods.c,-O0,clang-15,OK,PASS,0,0.0929,0.219281,16128,loop=80000009 table=80000009 builtin=80000009,
t060_popcount_methods.c,-O1,gcc-9,OK,PASS,0,0.0635,0.145026,16056,loop=80000009 table=80000009 builtin=80000009,
t060_popcount_methods.c,-O1,gcc-12,OK,PASS,0,0.0664,0.144370,16048,loop=80000009 table=80000009 builtin=80000009,
t060_popcount_methods.c,-O1,clang-11,OK,PASS,0,0.0848,0.131950,16016,loop=80000009 table=80000009 builtin=80000009,
t060_popcount_methods.c,-O1,clang-15,OK,PASS,0,0.0929,0.135309,16072,loop=80000009 table=80000009 builtin=80000009,
t060_popcount_methods.c,-O2,gcc-9,OK,PASS,0,0.0682,0.134207,16056,loop=80000009 table=80000009 builtin=80000009,
t060_popcount_methods.c,-O2,gcc-12,OK,PASS,0,0.0741,0.137355,16048,loop=80000009 table=80000009 builtin=80000009,
t060_popcount_methods.c,-O2,clang-11,OK,PASS,0,0.0881,0.136177,15960,loop=80000009 table=80000009 builtin=80000009,
t060_popcount_methods.c,-O2,clang-15,OK,PASS,0,0.0957,0.137516,16072,loop=80000009 table=80000009 builtin=80000009,
t060_popcount_methods.c,-O3,gcc-9,OK,PASS,0,0.0617,0.133318,16056,loop=80000009 table=80000009 builtin=80000009,
t060_popcount_methods.c,-O3,gcc-12,OK,PASS,0,0.0782,0.136793,16048,loop=80000009 table=80000009 builtin=80000009,
t060_popcount_methods.c,-O3,clang-11,OK,PASS,0,0.0891,0.134965,15960,loop=80000009 table=80000009 builtin=80000009,
t060_popcount_methods.c,-O3,clang-15,OK,PASS,0,0.0957,0.137307,16072,loop=80000009 table=80000009 builtin=80000009,
t061_bit_reversal.c,-O0,gcc-9,OK,PASS,0,0.0512,0.179182,16112,sum_loop=4294967268756446 sum_swap=4294967268756446 mismatches=0,
t061_bit_reversal.c,-O0,gcc-12,OK,PASS,0,0.0544,0.179546,16112,sum_loop=4294967268756446 sum_swap=4294967268756446 mismatches=0,
t061_bit_reversal.c,-O0,clang-11,OK,PASS,0,0.0750,0.140068,15992,sum_loop=4294967268756446 sum_swap=4294967268756446 mismatches=0,
t061_bit_reversal.c,-O0,clang-15,OK,PASS,0,0.0833,0.146447,16104,sum_loop=4294967268756446 sum_swap=4294967268756446 mismatches=0,
t061_bit_reversal.c,-O1,gcc-9,OK,PASS,0,0.0549,0.046752,15984,sum_loop=4294967268756446 sum_swap=4294967268756446 mismatches=0,
t061_bit_reversal.c,-O1,gcc-12,OK,PASS,0,0.0635,0.046714,15984,sum_loop=4294967268756446 sum_swap=4294967268756446 mismatches=0,
t061_bit_reversal.c,-O1,clang-11,OK,PASS,0,0.0859,0.038661,15992,sum_loop=4294967268756446 sum_swap=4294967268756446 mismatches=0,
t061_bit_reversal.c,-O1,clang-15,OK,PASS,0,0.0919,0.039085,16040,sum_loop=4294967268756446 sum_swap=4294967268756446 mismatches=0,
t061_bit_reversal.c,-O2,gcc-9,OK,PASS,0,0.0578,0.045445,15984,sum_loop=4294967268756446 sum_swap=4294967268756446 mismatches=0,
t061_bit_reversal.c,-O2,gcc-12,OK,PASS,0,0.0714,0.043173,15984,sum_loop=4294967268756446 sum_swap=4294967268756446 mismatches=0,
t061_bit_reversal.c,-O2,clang-11,OK,PASS,0,0.0901,0.030423,15928,sum_loop=4294967268756446 sum_swap=4294967268756446 mismatches=0,
t061_bit_reversal.c,-O2,clang-15,OK,PASS,0,0.0973,0.027885,16040,sum_loop=4294967268756446 sum_swap=4294967268756446 mismatches=0,
t061_bit_reversal.c,-O3,gcc-9,OK,PASS,0,0.0600,0.046121,15984,sum_loop=4294967268756446 sum_swap=4294967268756446 mismatches=0,
t061_bit_reversal.c,-O3,gcc-12,OK,PASS,0,0.0713,0.042560,15984,sum_loop=4294967268756446 sum_swap=4294967268756446 mismatches=0,
t061_bit_reversal.c,-O3,clang-11,OK,PASS,0,0.1016,0.022492,15928,sum_loop=4294967268756446 sum_swap=4294967268756446 mismatches=0,
t061_bit_reversal.c,-O3,clang-15,OK,PASS,0,0.0890,0.004720,16040,sum_loop=4294967268756446 sum_swap=4294967268756446 mismatches=0,
t062_crc32_table.c,-O0,gcc-9,OK,PASS,0,0.0458,0.057035,16104,crc32=cbffbfff,
t062_crc32_table.c,-O0,gcc-12,OK,PASS,0,0.0529,0.057221,16104,crc32=cbffbfff,
t062_crc32_table.c,-O0,clang-11,OK,PASS,0,0.0737,0.029846,16056,crc32=cbffbfff,
t062_crc32_table.c,-O0,clang-15,OK,PASS,0,0.0823,0.056651,16168,crc32=cbffbfff,
t062_crc32_table.c,-O1,gcc-9,OK,PASS,0,0.0559,0.026393,16080,crc32=cbffbfff,
t062_crc32_table.c,-O1,gcc-12,OK,PASS,0,0.0637,0.025690,16080,crc32=cbffbfff,
t062_crc32_table.c,-O1,clang-11,OK,PASS,0,0.0831,0.034513,16056,crc32=cbffbfff,
t062_crc32_table.c,-O1,clang-15,OK,PASS,0,0.0902,0.025874,16136,crc32=cbffbfff,
t062_crc32_table.c,-O2,gcc-9,OK,PASS,0,0.0589,0.026094,16080,crc32=cbffbfff,
t062_crc32_table.c,-O2,gcc-12,OK,PASS,0,0.0698,0.026466,16080,crc32=cbffbfff,
t062_crc32_table.c,-O2,clang-11,OK,PASS,0,0.0896,0.025504,16024,crc32=cbffbfff,
t062_crc32_table.c,-O2,clang-15,OK,PASS,0,0.1007,0.026059,16136,crc32=cbffbfff,
t062_crc32_table.c,-O3,gcc-9,OK,PASS,0,0.0656,0.026048,16080,crc32=cbffbfff,
t062_crc32_table.c,-O3,gcc-12,OK,PASS,0,0.0743,0.026307,16080,crc32=cbffbfff,
t062_crc32_table.c,-O3,clang-11,OK,PASS,0,0.0902,0.025534,16024,crc32=cbffbfff,
t062_crc32_table.c,-O3,clang-15,OK,PASS,0,0.0986,0.026030,16136,crc32=cbffbfff,
t063_adler32_checksum.c,-O0,gcc-9,OK,PASS,0,0.0476,0.057303,16080,adler32=53959d14,
t063_adler32_checksum.c,-O0,gcc-12,OK,PASS,0,0.0540,0.058236,16080,adler32=53959d14,
t063_adler32_checksum.c,-O0,clang-11,OK,PASS,0,0.0750,0.049808,16032,adler32=53959d14,
t063_adler32_checksum.c,-O0,clang-15,OK,PASS,0,0.0829,0.076699,16144,adler32=53959d14,
t063_adler32_checksum.c,-O1,gcc-9,OK,PASS,0,0.0544,0.029602,16056,adler32=53959d14,
t063_adler32_checksum.c,-O1,gcc-12,OK,PASS,0,0.0625,0.028936,16056,adler32=53959d14,
t063_adler32_checksum.c,-O1,clang-11,OK,PASS,0,0.0848,0.036678,16032,adler32=53959d14,
t063_adler32_checksum.c,-O1,clang-15,OK,PASS,0,0.0917,0.029372,16112,adler32=53959d14,
t063_adler32_checksum.c,-O2,gcc-9,OK,PASS,0,0.0559,0.029179,16056,adler32=53959d14,
t063_adler32_checksum.c,-O2,gcc-12,OK,PASS,0,0.0686,0.028959,16056,adler32=53959d14,
t063_adler32_checksum.c,-O2,clang-11,OK,PASS,0,0.0875,0.028477,16000,adler32=53959d14,
t063_adler32_checksum.c,-O2,clang-15,OK,PASS,0,0.0965,0.028987,16112,adler32=53959d14,
t063_adler32_checksum.c,-O3,gcc-9,OK,PASS,0,0.0552,0.029653,16056,adler32=53959d14,
t063_adler32_checksum.c,-O3,gcc-12,OK,PASS,0,0.0697,0.028931,16056,adler32=53959d14,
t063_adler32_checksum.c,-O3,clang-11,OK,PASS,0,0.0870,0.028730,16000,adler32=53959d14,
t063_adler32_checksum.c,-O3,clang-15,OK,PASS,0,0.0962,0.028855,16112,adler32=53959d14,
t064_hash_mixing_rounds.c,-O0,gcc-9,OK,PASS,0,0.0483,0.044881,16080,df5d831f 2642bb48 0078db7f ca99c28b,
t064_hash_mixing_rounds.c,-O0,gcc-12,OK,PASS,0,0.0565,0.045376,16080,df5d831f 2642bb48 0078db7f ca99c28b,
t064_hash_mixing_rounds.c,-O0,clang-11,OK,PASS,0,0.0773,0.051161,15960,df5d831f 2642bb48 0078db7f ca99c28b,
t064_hash_mixing_rounds.c,-O0,clang-15,OK,PASS,0,0.0855,0.049332,16072,df5d831f 2642bb48 0078db7f ca99c28b,
t064_hash_mixing_rounds.c,-O1,gcc-9,OK,PASS,0,0.0532,0.014252,15992,df5d831f 2642bb48 0078db7f ca99c28b,
t064_hash_mixing_rounds.c,-O1,gcc-12,OK,PASS,0,0.0603,0.014085,15984,df5d831f 2642bb48 0078db7f ca99c28b,
t064_hash_mixing_rounds.c,-O1,clang-11,OK,PASS,0,0.0872,0.033651,15960,df5d831f 2642bb48 0078db7f ca99c28b,
t064_hash_mixing_rounds.c,-O1,clang-15,OK,PASS,0,0.0933,0.013100,16048,df5d831f 2642bb48 0078db7f ca99c28b,
t064_hash_mixing_rounds.c,-O2,gcc-9,OK,PASS,0,0.0651,0.015940,15992,df5d831f 2642bb48 0078db7f ca99c28b,
t064_hash_mixing_rounds.c,-O2,gcc-12,OK,PASS,0,0.0739,0.014300,15984,df5d831f 2642bb48 0078db7f ca99c28b,
t064_hash_mixing_rounds.c,-O2,clang-11,OK,PASS,0,0.0870,0.013953,15936,df5d831f 2642bb48 0078db7f ca99c28b,
t064_hash_mixing_rounds.c,-O2,clang-15,OK,PASS,0,0.0982,0.012638,16048,df5d831f 2642bb48 0078db7f ca99c28b,
t064_hash_mixing_rounds.c,-O3,gcc-9,OK,PASS,0,0.0718,0.012625,15992,df5d831f 2642bb48 0078db7f ca99c28b,
t064_hash_mixing_rounds.c,-O3,gcc-12,OK,PASS,0,0.0882,0.012993,15984,df5d831f 2642bb48 0078db7f ca99c28b,
t064_hash_mixing_rounds.c,-O3,clang-11,OK,PASS,0,0.0853,0.012922,15936,df5d831f 2642bb48 0078db7f ca99c28b,
t064_hash_mixing_rounds.c,-O3,clang-15,OK,PASS,0,0.1363,0.013996,16048,df5d831f 2642bb48 0078db7f ca99c28b,
t065_function_pointer_table.c,-O0,gcc-9,OK,PASS,0,0.0508,0.016955,16264,47006,
t065_function_pointer_table.c,-O0,gcc-12,OK,PASS,0,0.0587,0.019590,16264,47006,
t065_function_pointer_table.c,-O0,clang-11,OK,PASS,0,0.0750,0.025318,16144,47006,
t065_function_pointer_table.c,-O0,clang-15,OK,PASS,0,0.0839,0.024427,16328,47006,
t065_function_pointer_table.c,-O1,gcc-9,OK,PASS,0,0.0584,0.017393,16200,47006,
t065_function_pointer_table.c,-O1,gcc-12,OK,PASS,0,0.0665,0.018684,16200,47006,
t065_function_pointer_table.c,-O1,clang-11,OK,PASS,0,0.0832,0.021772,16096,47006,
t065_function_pointer_table.c,-O1,clang-15,OK,PASS,0,0.1074,0.022413,16280,47006,
t065_function_pointer_table.c,-O2,gcc-9,OK,PASS,0,0.0879,0.022713,16200,47006,
t065_function_pointer_table.c,-O2,gcc-12,OK,PASS,0,0.0792,0.018242,16200,47006,
t065_function_pointer_table.c,-O2,clang-11,OK,PASS,0,0.0881,0.019285,16096,47006,
t065_function_pointer_table.c,-O2,clang-15,OK,PASS,0,0.1024,0.024452,16280,47006,
t065_function_pointer_table.c,-O3,gcc-9,OK,PASS,0,0.0657,0.017494,16200,47006,
t065_function_pointer_table.c,-O3,gcc-12,OK,PASS,0,0.0728,0.017339,16200,47006,
t065_function_pointer_table.c,-O3,clang-11,OK,PASS,0,0.0879,0.019207,16096,47006,
t065_function_pointer_table.c,-O3,clang-15,OK,PASS,0,0.0951,0.019480,16280,47006,
t066_union_float_bits.c,-O0,gcc-9,OK,PASS,0,0.0460,0.004007,16048,exp_sum=143583017 mantissa_xor=2026423,
t066_union_float_bits.c,-O0,gcc-12,OK,PASS,0,0.0524,0.004041,16048,exp_sum=143583017 mantissa_xor=2026423,
t066_union_float_bits.c,-O0,clang-11,OK,PASS,0,0.0733,0.004335,15936,exp_sum=143583017 mantissa_xor=2026423,
t066_union_float_bits.c,-O0,clang-15,OK,PASS,0,0.0818,0.004459,16040,exp_sum=143583017 mantissa_xor=2026423,
t066_union_float_bits.c,-O1,gcc-9,OK,PASS,0,0.0499,0.002202,15984,exp_sum=143583017 mantissa_xor=2026423,
t066_union_float_bits.c,-O1,gcc-12,OK,PASS,0,0.0588,0.002057,15984,exp_sum=143583017 mantissa_xor=2026423,
t066_union_float_bits.c,-O1,clang-11,OK,PASS,0,0.0814,0.002225,15936,exp_sum=143583017 mantissa_xor=2026423,
t066_union_float_bits.c,-O1,clang-15,OK,PASS,0,0.0884,0.002318,16040,exp_sum=143583017 mantissa_xor=2026423,
t066_union_float_bits.c,-O2,gcc-9,OK,PASS,0,0.0528,0.002338,15984,exp_sum=143583017 mantissa_xor=2026423,
t066_union_float_bits.c,-O2,gcc-12,OK,PASS,0,0.0623,0.001555,15984,exp_sum=143583017 mantissa_xor=2026423,
t066_union_float_bits.c,-O2,clang-11,OK,PASS,0,0.0805,0.001692,15936,exp_sum=143583017 mantissa_xor=2026423,
t066_union_float_bits.c,-O2,clang-15,OK,PASS,0,0.0930,0.001863,16040,exp_sum=143583017 mantissa_xor=2026423,
t066_union_float_bits.c,-O3,gcc-9,OK,PASS,0,0.0523,0.002194,15984,exp_sum=143583017 mantissa_xor=2026423,
t066_union_float_bits.c,-O3,gcc-12,OK,PASS,0,0.0636,0.001534,15984,exp_sum=143583017 mantissa_xor=2026423,
t066_union_float_bits.c,-O3,clang-11,OK,PASS,0,0.0824,0.002129,15936,exp_sum=143583017 mantissa_xor=2026423,
t066_union_float_bits.c,-O3,clang-15,OK,PASS,0,0.0971,0.001753,16040,exp_sum=143583017 mantissa_xor=2026423,
t067_bitfield_struct.c,-O0,gcc-9,OK,PASS,0,0.0454,0.008684,16048,65795330432,
t067_bitfield_struct.c,-O0,gcc-12,OK,PASS,0,0.0525,0.008552,16048,65795330432,
t067_bitfield_struct.c,-O0,clang-11,OK,PASS,0,0.0769,0.010404,15928,65795330432,
t067_bitfield_struct.c,-O0,clang-15,OK,PASS,0,0.0855,0.010206,16040,65795330432,
t067_bitfield_struct.c,-O1,gcc-9,OK,PASS,0,0.0505,0.003703,15984,65795330432,
t067_bitfield_struct.c,-O1,gcc-12,OK,PASS,0,0.0593,0.003645,15984,65795330432,
t067_bitfield_struct.c,-O1,clang-11,OK,PASS,0,0.0787,0.003429,15928,65795330432,
t067_bitfield_struct.c,-O1,clang-15,OK,PASS,0,0.0894,0.003399,16040,65795330432,
t067_bitfield_struct.c,-O2,gcc-9,OK,PASS,0,0.0547,0.003685,15984,65795330432,
t067_bitfield_struct.c,-O2,gcc-12,OK,PASS,0,0.0629,0.003675,15984,65795330432,
t067_bitfield_struct.c,-O2,clang-11,OK,PASS,0,0.0819,0.003369,15928,65795330432,
t067_bitfield_struct.c,-O2,clang-15,OK,PASS,0,0.0907,0.003082,16040,65795330432,
t067_bitfield_struct.c,-O3,gcc-9,OK,PASS,0,0.0534,0.003639,15984,65795330432,
t067_bitfield_struct.c,-O3,gcc-12,OK,PASS,0,0.0616,0.003587,15984,65795330432,
t067_bitfield_struct.c,-O3,clang-11,OK,PASS,0,0.0853,0.003469,15928,65795330432,
t067_bitfield_struct.c,-O3,clang-15,OK,PASS,0,0.0962,0.003079,16040,65795330432,
t068_variable_length_array.c,-O0,gcc-9,OK,PASS,0,0.0473,0.021305,16136,2076750000,
t068_variable_length_array.c,-O0,gcc-12,OK,PASS,0,0.0560,0.024852,16136,2076750000,
t068_variable_length_array.c,-O0,clang-11,OK,PASS,0,0.0763,0.020730,15968,2076750000,
t068_variable_length_array.c,-O0,clang-15,OK,PASS,0,0.0901,0.016827,16080,2076750000,
t068_variable_length_array.c,-O1,gcc-9,OK,PASS,0,0.0570,0.008270,16040,2076750000,
t068_variable_length_array.c,-O1,gcc-12,OK,PASS,0,0.0675,0.008420,16040,2076750000,
t068_variable_length_array.c,-O1,clang-11,OK,PASS,0,0.0877,0.008357,15968,2076750000,
t068_variable_length_array.c,-O1,clang-15,OK,PASS,0,0.0901,0.008155,16080,2076750000,
t068_variable_length_array.c,-O2,gcc-9,OK,PASS,0,0.0570,0.008331,16040,2076750000,
t068_variable_length_array.c,-O2,gcc-12,OK,PASS,0,0.0699,0.008226,16040,2076750000,
t068_variable_length_array.c,-O2,clang-11,OK,PASS,0,0.0932,0.007481,15968,2076750000,
t068_variable_length_array.c,-O2,clang-15,OK,PASS,0,0.1056,0.005367,16080,2076750000,
t068_variable_length_array.c,-O3,gcc-9,OK,PASS,0,0.0683,0.007503,16040,2076750000,
t068_variable_length_array.c,-O3,gcc-12,OK,PASS,0,0.0846,0.007666,16040,2076750000,
t068_variable_length_array.c,-O3,clang-11,OK,PASS,0,0.0921,0.007325,15968,2076750000,
t068_variable_length_array.c,-O3,clang-15,OK,PASS,0,0.1045,0.005115,16080,2076750000,
t069_setjmp_longjmp.c,-O0,gcc-9,OK,PASS,0,0.0492,0.004345,16232,2001000,
t069_setjmp_longjmp.c,-O0,gcc-12,OK,PASS,0,0.0579,0.004363,16224,2001000,
t069_setjmp_longjmp.c,-O0,clang-11,OK,PASS,0,0.0741,0.004127,16128,2001000,
t069_setjmp_longjmp.c,-O0,clang-15,OK,PASS,0,0.0847,0.004182,16240,2001000,
t069_setjmp_longjmp.c,-O1,gcc-9,OK,PASS,0,0.0538,0.002480,16168,2001000,
t069_setjmp_longjmp.c,-O1,gcc-12,OK,PASS,0,0.0614,0.002644,16168,2001000,
t069_setjmp_longjmp.c,-O1,clang-11,OK,PASS,0,0.0833,0.002795,16128,2001000,
t069_setjmp_longjmp.c,-O1,clang-15,OK,PASS,0,0.0880,0.001790,16240,2001000,
t069_setjmp_longjmp.c,-O2,gcc-9,OK,PASS,0,0.0608,0.001085,16144,2001000,
t069_setjmp_longjmp.c,-O2,gcc-12,OK,PASS,0,0.0618,0.001029,16144,2001000,
t069_setjmp_longjmp.c,-O2,clang-11,OK,PASS,0,0.0813,0.001214,16096,2001000,
t069_setjmp_longjmp.c,-O2,clang-15,OK,PASS,0,0.0898,0.001004,16208,2001000,
t069_setjmp_longjmp.c,-O3,gcc-9,OK,PASS,0,0.0591,0.000992,16144,2001000,
t069_setjmp_longjmp.c,-O3,gcc-12,OK,PASS,0,0.0619,0.000941,16144,2001000,
t069_setjmp_longjmp.c,-O3,clang-11,OK,PASS,0,0.0828,0.000935,16096,2001000,
t069_setjmp_longjmp.c,-O3,clang-15,OK,PASS,0,0.0878,0.000980,16208,2001000,
t070_variadic_functions.c,-O0,gcc-9,OK,PASS,0,0.0490,0.010438,16176,100003100000 10000449998.500,
t070_variadic_functions.c,-O0,gcc-12,OK,PASS,0,0.0598,0.010914,16168,100003100000 10000449998.500,
t070_variadic_functions.c,-O0,clang-11,OK,PASS,0,0.0801,0.019230,16000,100003100000 10000449998.500,
t070_variadic_functions.c,-O0,clang-15,OK,PASS,0,0.0861,0.013905,16112,100003100000 10000449998.500,
t070_variadic_functions.c,-O1,gcc-9,OK,PASS,0,0.0636,0.006812,16112,100003100000 10000449998.500,
t070_variadic_functions.c,-O1,gcc-12,OK,PASS,0,0.0687,0.006674,16104,100003100000 10000449998.500,
t070_variadic_functions.c,-O1,clang-11,OK,PASS,0,0.0944,0.007841,16000,100003100000 10000449998.500,
t070_variadic_functions.c,-O1,clang-15,OK,PASS,0,0.1003,0.007581,16112,100003100000 10000449998.500,
t070_variadic_functions.c,-O2,gcc-9,OK,PASS,0,0.0685,0.007046,16112,100003100000 10000449998.500,
t070_variadic_functions.c,-O2,gcc-12,OK,PASS,0,0.0816,0.006889,16104,100003100000 10000449998.500,
t070_variadic_functions.c,-O2,clang-11,OK,PASS,0,0.0964,0.007982,16000,100003100000 10000449998.500,
t070_variadic_functions.c,-O2,clang-15,OK,PASS,0,0.1051,0.007779,16112,100003100000 10000449998.500,
t070_variadic_functions.c,-O3,gcc-9,OK,PASS,0,0.0790,0.003543,16272,100003100000 10000449998.500,
t070_variadic_functions.c,-O3,gcc-12,OK,PASS,0,0.0903,0.003478,16272,100003100000 10000449998.500,
t070_variadic_functions.c,-O3,clang-11,OK,PASS,0,0.0987,0.007482,16000,100003100000 10000449998.500,
t070_variadic_functions.c,-O3,clang-15,OK,PASS,0,0.1200,0.007567,16112,100003100000 10000449998.500,
t071_goto_state_machine.c,-O0,gcc-9,OK,PASS,0,0.0474,0.024464,16128,words=125219 numbers=80079 other=150559,
t071_goto_state_machine.c,-O0,gcc-12,OK,PASS,0,0.0557,0.024781,16128,words=125219 numbers=80079 other=150559,
t071_goto_state_machine.c,-O0,clang-11,OK,PASS,0,0.0756,0.019465,16088,words=125219 numbers=80079 other=150559,
t071_goto_state_machine.c,-O0,clang-15,OK,PASS,0,0.0861,0.025421,16200,words=125219 numbers=80079 other=150559,
t071_goto_state_machine.c,-O1,gcc-9,OK,PASS,0,0.0606,0.015098,16136,words=125219 numbers=80079 other=150559,
t071_goto_state_machine.c,-O1,gcc-12,OK,PASS,0,0.0713,0.014920,16136,words=125219 numbers=80079 other=150559,
t071_goto_state_machine.c,-O1,clang-11,OK,PASS,0,0.0962,0.015016,16088,words=125219 numbers=80079 other=150559,
t071_goto_state_machine.c,-O1,clang-15,OK,PASS,0,0.1093,0.012994,16168,words=125219 numbers=80079 other=150559,
t071_goto_state_machine.c,-O2,gcc-9,OK,PASS,0,0.0703,0.013063,16112,words=125219 numbers=80079 other=150559,
t071_goto_state_machine.c,-O2,gcc-12,OK,PASS,0,0.0822,0.012841,16104,words=125219 numbers=80079 other=150559,
t071_goto_state_machine.c,-O2,clang-11,OK,PASS,0,0.1004,0.013211,16064,words=125219 numbers=80079 other=150559,
t071_goto_state_machine.c,-O2,clang-15,OK,PASS,0,0.1132,0.012907,16168,words=125219 numbers=80079 other=150559,
t071_goto_state_machine.c,-O3,gcc-9,OK,PASS,0,0.0672,0.013300,16112,words=125219 numbers=80079 other=150559,
t071_goto_state_machine.c,-O3,gcc-12,OK,PASS,0,0.0861,0.013282,16104,words=125219 numbers=80079 other=150559,
t071_goto_state_machine.c,-O3,clang-11,OK,PASS,0,0.1043,0.013321,16064,words=125219 numbers=80079 other=150559,
t071_goto_state_machine.c,-O3,clang-15,OK,PASS,0,0.1054,0.013202,16168,words=125219 numbers=80079 other=150559,
t072_compound_literals_designated.c,-O0,gcc-9,OK,PASS,0,0.0585,0.009184,16144,4261498662 101,
t072_compound_literals_designated.c,-O0,gcc-12,OK,PASS,0,0.0543,0.008420,16144,4261498662 101,
t072_compound_literals_designated.c,-O0,clang-11,OK,PASS,0,0.0765,0.015092,16024,4261498662 101,
t072_compound_literals_designated.c,-O0,clang-15,OK,PASS,0,0.0857,0.015416,16136,4261498662 101,
t072_compound_literals_designated.c,-O1,gcc-9,OK,PASS,0,0.0637,0.007063,16048,4261498662 101,
t072_compound_literals_designated.c,-O1,gcc-12,OK,PASS,0,0.0826,0.004859,16048,4261498662 101,
t072_compound_literals_designated.c,-O1,clang-11,OK,PASS,0,0.0783,0.005561,15976,4261498662 101,
t072_compound_literals_designated.c,-O1,clang-15,OK,PASS,0,0.0934,0.004654,16056,4261498662 101,
t072_compound_literals_designated.c,-O2,gcc-9,OK,PASS,0,0.0579,0.004814,16048,4261498662 101,
t072_compound_literals_designated.c,-O2,gcc-12,OK,PASS,0,0.0767,0.005775,16048,4261498662 101,
t072_compound_literals_designated.c,-O2,clang-11,OK,PASS,0,0.0919,0.004893,15944,4261498662 101,
t072_compound_literals_designated.c,-O2,clang-15,OK,PASS,0,0.0988,0.004611,16056,4261498662 101,
t072_compound_literals_designated.c,-O3,gcc-9,OK,PASS,0,0.0666,0.005231,16048,4261498662 101,
t072_compound_literals_designated.c,-O3,gcc-12,OK,PASS,0,0.0760,0.005435,16000,4261498662 101,
t072_compound_literals_designated.c,-O3,clang-11,OK,PASS,0,0.0827,0.004557,15944,4261498662 101,
t072_compound_literals_designated.c,-O3,clang-15,OK,PASS,0,0.0863,0.004516,16056,4261498662 101,
t073_generic_selection.c,-O0,gcc-9,OK,PASS,0,0.0469,0.018325,16056,"int unsigned long float double char int
749999000000.0",
t073_generic_selection.c,-O0,gcc-12,OK,PASS,0,0.0558,0.004321,16048,"int unsigned long float double char int
749999000000.0",
t073_generic_selection.c,-O0,clang-11,OK,PASS,0,0.0717,0.008259,15936,"int unsigned long float double char int
749999000000.0",
t073_generic_selection.c,-O0,clang-15,OK,PASS,0,0.0851,0.017093,16040,"int unsigned long float double char int
749999000000.0",
t073_generic_selection.c,-O1,gcc-9,OK,PASS,0,0.0557,0.003012,15992,"int unsigned long float double char int
749999000000.0",
t073_generic_selection.c,-O1,gcc-12,OK,PASS,0,0.0613,0.002996,15984,"int unsigned long float double char int
749999000000.0",
t073_generic_selection.c,-O1,clang-11,OK,PASS,0,0.0833,0.002978,15936,"int unsigned long float double char int
749999000000.0",
t073_generic_selection.c,-O1,clang-15,OK,PASS,0,0.0835,0.002866,16040,"int unsigned long float double char int
749999000000.0",
t073_generic_selection.c,-O2,gcc-9,OK,PASS,0,0.0518,0.002930,15992,"int unsigned long float double char int
749999000000.0",
t073_generic_selection.c,-O2,gcc-12,OK,PASS,0,0.0622,0.002925,15984,"int unsigned long float double char int
749999000000.0",
t073_generic_selection.c,-O2,clang-11,OK,PASS,0,0.0770,0.002700,15936,"int unsigned long float double char int
749999000000.0",
t073_generic_selection.c,-O2,clang-15,OK,PASS,0,0.0873,0.002796,16040,"int unsigned long float double char int
749999000000.0",
t073_generic_selection.c,-O3,gcc-9,OK,PASS,0,0.0534,0.003891,15992,"int unsigned long float double char int
749999000000.0",
t073_generic_selection.c,-O3,gcc-12,OK,PASS,0,0.0687,0.002964,15984,"int unsigned long float double char int
749999000000.0",
t073_generic_selection.c,-O3,clang-11,OK,PASS,0,0.0770,0.002587,15936,"int unsigned long float double char int
749999000000.0",
t073_generic_selection.c,-O3,clang-15,OK,PASS,0,0.0838,0.002761,16040,"int unsigned long float double char int
749999000000.0",
t074_integer_promotions.c,-O0,gcc-9,OK,PASS,0,0.0446,0.001192,16056,"300 44 0 1
160726912",
t074_integer_promotions.c,-O0,gcc-12,OK,PASS,0,0.0520,0.001285,16048,"300 44 0 1
160726912",
t074_integer_promotions.c,-O0,clang-11,OK,PASS,0,0.0726,0.001067,15936,"300 44 0 1
160726912",
t074_integer_promotions.c,-O0,clang-15,OK,PASS,0,0.0831,0.001219,16048,"300 44 0 1
160726912",
t074_integer_promotions.c,-O1,gcc-9,OK,PASS,0,0.0530,0.001006,15992,"300 44 0 1
160726912",
t074_integer_promotions.c,-O1,gcc-12,OK,PASS,0,0.0659,0.001465,15984,"300 44 0 1
160726912",
t074_integer_promotions.c,-O1,clang-11,OK,PASS,0,0.0928,0.001618,15936,"300 44 0 1
160726912",
t074_integer_promotions.c,-O1,clang-15,OK,PASS,0,0.0994,0.001023,16048,"300 44 0 1
160726912",
t074_integer_promotions.c,-O2,gcc-9,OK,PASS,0,0.0549,0.001005,15992,"300 44 0 1
160726912",
t074_integer_promotions.c,-O2,gcc-12,OK,PASS,0,0.0792,0.000973,15984,"300 44 0 1
160726912",
t074_integer_promotions.c,-O2,clang-11,OK,PASS,0,0.0853,0.001156,15936,"300 44 0 1
160726912",
t074_integer_promotions.c,-O2,clang-15,OK,PASS,0,0.0939,0.000918,16048,"300 44 0 1
160726912",
t074_integer_promotions.c,-O3,gcc-9,OK,PASS,0,0.0613,0.000928,15992,"300 44 0 1
160726912",
t074_integer_promotions.c,-O3,gcc-12,OK,PASS,0,0.0724,0.000933,15984,"300 44 0 1
160726912",
t074_integer_promotions.c,-O3,clang-11,OK,PASS,0,0.0801,0.000992,15936,"300 44 0 1
160726912",
t074_integer_promotions.c,-O3,clang-15,OK,PASS,0,0.0910,0.001061,16048,"300 44 0 1
160726912",
t075_unsigned_wraparound.c,-O0,gcc-9,OK,PASS,0,0.0479,0.009355,16056,"54 94 134 174 70352
3753823569",
t075_unsigned_wraparound.c,-O0,gcc-12,OK,PASS,0,0.0580,0.009676,16048,"54 94 134 174 70352
3753823569",
t075_unsigned_wraparound.c,-O0,clang-11,OK,PASS,0,0.0776,0.010112,15936,"54 94 134 174 70352
3753823569",
t075_unsigned_wraparound.c,-O0,clang-15,OK,PASS,0,0.0873,0.009066,16048,"54 94 134 174 70352
3753823569",
t075_unsigned_wraparound.c,-O1,gcc-9,OK,PASS,0,0.0547,0.010866,15992,"54 94 134 174 70352
3753823569",
t075_unsigned_wraparound.c,-O1,gcc-12,OK,PASS,0,0.0588,0.008905,15984,"54 94 134 174 70352
3753823569",
t075_unsigned_wraparound.c,-O1,clang-11,OK,PASS,0,0.0782,0.008951,15936,"54 94 134 174 70352
3753823569",
t075_unsigned_wraparound.c,-O1,clang-15,OK,PASS,0,0.0849,0.008954,16048,"54 94 134 174 70352
3753823569",
t075_unsigned_wraparound.c,-O2,gcc-9,OK,PASS,0,0.0522,0.008869,15992,"54 94 134 174 70352
3753823569",
t075_unsigned_wraparound.c,-O2,gcc-12,OK,PASS,0,0.0618,0.009033,15984,"54 94 134 174 70352
3753823569",
t075_unsigned_wraparound.c,-O2,clang-11,OK,PASS,0,0.0835,0.002291,15936,"54 94 134 174 70352
3753823569",
t075_unsigned_wraparound.c,-O2,clang-15,OK,PASS,0,0.0951,0.002022,16048,"54 94 134 174 70352
3753823569",
t075_unsigned_wraparound.c,-O3,gcc-9,OK,PASS,0,0.0587,0.008904,15992,"54 94 134 174 70352
3753823569",
t075_unsigned_wraparound.c,-O3,gcc-12,OK,PASS,0,0.0693,0.009256,15984,"54 94 134 174 70352
3753823569",
t075_unsigned_wraparound.c,-O3,clang-11,OK,PASS,0,0.0888,0.002010,15936,"54 94 134 174 70352
3753823569",
t075_unsigned_wraparound.c,-O3,clang-15,OK,PASS,0,0.0923,0.002146,16048,"54 94 134 174 70352
3753823569",
t076_ackermann_recursion.c,-O0,gcc-9,OK,PASS,0,0.0494,0.012953,16080,9 1003 1021,
t076_ackermann_recursion.c,-O0,gcc-12,OK,PASS,0,0.0608,0.011853,16080,9 1003 1021,
t076_ackermann_recursion.c,-O0,clang-11,OK,PASS,0,0.0832,0.012544,15960,9 1003 1021,
t076_ackermann_recursion.c,-O0,clang-15,OK,PASS,0,0.0898,0.013044,16072,9 1003 1021,
t076_ackermann_recursion.c,-O1,gcc-9,OK,PASS,0,0.0562,0.008529,16016,9 1003 1021,
t076_ackermann_recursion.c,-O1,gcc-12,OK,PASS,0,0.0568,0.008810,16016,9 1003 1021,
t076_ackermann_recursion.c,-O1,clang-11,OK,PASS,0,0.0884,0.009758,15960,9 1003 1021,
t076_ackermann_recursion.c,-O1,clang-15,OK,PASS,0,0.0910,0.008108,16072,9 1003 1021,
t076_ackermann_recursion.c,-O2,gcc-9,OK,PASS,0,0.0555,0.007822,16016,9 1003 1021,
t076_ackermann_recursion.c,-O2,gcc-12,OK,PASS,0,0.0853,0.002037,16016,9 1003 1021,
t076_ackermann_recursion.c,-O2,clang-11,OK,PASS,0,0.0766,0.008137,15960,9 1003 1021,
t076_ackermann_recursion.c,-O2,clang-15,OK,PASS,0,0.0894,0.007999,16072,9 1003 1021,
t076_ackermann_recursion.c,-O3,gcc-9,OK,PASS,0,0.0513,0.007759,16016,9 1003 1021,
t076_ackermann_recursion.c,-O3,gcc-12,OK,PASS,0,0.0945,0.001976,16056,9 1003 1021,
t076_ackermann_recursion.c,-O3,clang-11,OK,PASS,0,0.0774,0.008077,15960,9 1003 1021,
t076_ackermann_recursion.c,-O3,clang-15,OK,PASS,0,0.0833,0.007841,16072,9 1003 1021,
t077_tower_of_hanoi.c,-O0,gcc-9,OK,PASS,0,0.0451,0.028582,16136,moves=4194303 check=16777190,
t077_tower_of_hanoi.c,-O0,gcc-12,OK,PASS,0,0.0523,0.028953,16136,moves=4194303 check=16777190,
t077_tower_of_hanoi.c,-O0,clang-11,OK,PASS,0,0.0720,0.021318,16024,moves=4194303 check=16777190,
t077_tower_of_hanoi.c,-O0,clang-15,OK,PASS,0,0.0875,0.025821,16128,moves=4194303 check=16777190,
t077_tower_of_hanoi.c,-O1,gcc-9,OK,PASS,0,0.0576,0.016998,16072,moves=4194303 check=16777190,
t077_tower_of_hanoi.c,-O1,gcc-12,OK,PASS,0,0.0595,0.017056,16072,moves=4194303 check=16777190,
t077_tower_of_hanoi.c,-O1,clang-11,OK,PASS,0,0.0823,0.018827,16024,moves=4194303 check=16777190,
t077_tower_of_hanoi.c,-O1,clang-15,OK,PASS,0,0.0862,0.016801,16128,moves=4194303 check=16777190,
t077_tower_of_hanoi.c,-O2,gcc-9,OK,PASS,0,0.0601,0.015226,16072,moves=4194303 check=16777190,
t077_tower_of_hanoi.c,-O2,gcc-12,OK,PASS,0,0.1105,0.007821,16072,moves=4194303 check=16777190,
t077_tower_of_hanoi.c,-O2,clang-11,OK,PASS,0,0.0829,0.013037,16024,moves=4194303 check=16777190,
t077_tower_of_hanoi.c,-O2,clang-15,OK,PASS,0,0.0954,0.015924,16128,moves=4194303 check=16777190,
t077_tower_of_hanoi.c,-O3,gcc-9,OK,PASS,0,0.0571,0.012732,16072,moves=4194303 check=16777190,
t077_tower_of_hanoi.c,-O3,gcc-12,OK,PASS,0,0.1057,0.007697,16072,moves=4194303 check=16777190,
t077_tower_of_hanoi.c,-O3,clang-11,OK,PASS,0,0.0819,0.013032,16024,moves=4194303 check=16777190,
t077_tower_of_hanoi.c,-O3,clang-15,OK,PASS,0,0.0890,0.013315,16128,moves=4194303 check=16777190,
t078_linked_list_operations.c,-O0,gcc-9,OK,PASS,0,0.0484,0.010370,16144,weighted_sum=9967723159731,
t078_linked_list_operations.c,-O0,gcc-12,OK,PASS,0,0.0534,0.011495,16136,weighted_sum=9967723159731,
t078_linked_list_operations.c,-O0,clang-11,OK,PASS,0,0.0721,0.010562,16112,weighted_sum=9967723159731,
t078_linked_list_operations.c,-O0,clang-15,OK,PASS,0,0.0832,0.011127,16216,weighted_sum=9967723159731,
t078_linked_list_operations.c,-O1,gcc-9,OK,PASS,0,0.0528,0.009785,16120,weighted_sum=9967723159731,
t078_linked_list_operations.c,-O1,gcc-12,OK,PASS,0,0.0646,0.009855,16120,weighted_sum=9967723159731,
t078_linked_list_operations.c,-O1,clang-11,OK,PASS,0,0.0867,0.010240,16112,weighted_sum=9967723159731,
t078_linked_list_operations.c,-O1,clang-15,OK,PASS,0,0.0919,0.010607,16192,weighted_sum=9967723159731,
t078_linked_list_operations.c,-O2,gcc-9,OK,PASS,0,0.0583,0.009972,16120,weighted_sum=9967723159731,
t078_linked_list_operations.c,-O2,gcc-12,OK,PASS,0,0.0657,0.009942,16120,weighted_sum=9967723159731,
t078_linked_list_operations.c,-O2,clang-11,OK,PASS,0,0.0859,0.010429,16080,weighted_sum=9967723159731,
t078_linked_list_operations.c,-O2,clang-15,OK,PASS,0,0.0965,0.009957,16192,weighted_sum=9967723159731,
t078_linked_list_operations.c,-O3,gcc-9,OK,PASS,0,0.0572,0.010017,16120,weighted_sum=9967723159731,
t078_linked_list_operations.c,-O3,gcc-12,OK,PASS,0,0.0714,0.010126,16120,weighted_sum=9967723159731,
t078_linked_list_operations.c,-O3,clang-11,OK,PASS,0,0.0838,0.010149,16080,weighted_sum=9967723159731,
t078_linked_list_operations.c,-O3,clang-15,OK,PASS,0,0.0955,0.010143,16192,weighted_sum=9967723159731,
t079_binary_search_tree.c,-O0,gcc-9,OK,PASS,0,0.0493,0.039880,16328,nodes=95212 height=47 sum=3022967856789486,
t079_binary_search_tree.c,-O0,gcc-12,OK,PASS,0,0.0571,0.040213,16328,nodes=95212 height=47 sum=3022967856789486,
t079_binary_search_tree.c,-O0,clang-11,OK,PASS,0,0.0693,0.039948,16296,nodes=95212 height=47 sum=3022967856789486,
t079_binary_search_tree.c,-O0,clang-15,OK,PASS,0,0.0804,0.043534,16408,nodes=95212 height=47 sum=3022967856789486,
t079_binary_search_tree.c,-O1,gcc-9,OK,PASS,0,0.0620,0.034775,16328,nodes=95212 height=47 sum=3022967856789486,
t079_binary_search_tree.c,-O1,gcc-12,OK,PASS,0,0.0713,0.034314,16320,nodes=95212 height=47 sum=3022967856789486,
t079_binary_search_tree.c,-O1,clang-11,OK,PASS,0,0.0954,0.033105,16296,nodes=95212 height=47 sum=3022967856789486,
t079_binary_search_tree.c,-O1,clang-15,OK,PASS,0,0.1009,0.034429,16344,nodes=95212 height=47 sum=3022967856789486,
t079_binary_search_tree.c,-O2,gcc-9,OK,PASS,0,0.0666,0.032813,16328,nodes=95212 height=47 sum=3022967856789486,
t079_binary_search_tree.c,-O2,gcc-12,OK,PASS,0,0.1530,0.034470,20416,nodes=95212 height=47 sum=3022967856789486,
t079_binary_search_tree.c,-O2,clang-11,OK,PASS,0,0.0934,0.033578,16232,nodes=95212 height=47 sum=3022967856789486,
t079_binary_search_tree.c,-O2,clang-15,OK,PASS,0,0.1060,0.035320,16344,nodes=95212 height=47 sum=3022967856789486,
t079_binary_search_tree.c,-O3,gcc-9,OK,PASS,0,0.0677,0.032413,16328,nodes=95212 height=47 sum=3022967856789486,
t079_binary_search_tree.c,-O3,gcc-12,OK,PASS,0,0.1601,0.033640,20416,nodes=95212 height=47 sum=3022967856789486,
t079_binary_search_tree.c,-O3,clang-11,OK,PASS,0,0.0965,0.033336,16232,nodes=95212 height=47 sum=3022967856789486,
t079_binary_search_tree.c,-O3,clang-15,OK,PASS,0,0.1012,0.034759,16344,nodes=95212 height=47 sum=3022967856789486,
t080_hash_table_chaining.c,-O0,gcc-9,OK,PASS,0,0.0465,0.023234,16112,distinct=164763 hits=65937,
t080_hash_table_chaining.c,-O0,gcc-12,OK,PASS,0,0.0582,0.022543,16112,distinct=164763 hits=65937,
t080_hash_table_chaining.c,-O0,clang-11,OK,PASS,0,0.0726,0.020454,16064,distinct=164763 hits=65937,
t080_hash_table_chaining.c,-O0,clang-15,OK,PASS,0,0.0989,0.025497,16176,distinct=164763 hits=65937,
t080_hash_table_chaining.c,-O1,gcc-9,OK,PASS,0,0.0576,0.016011,16120,distinct=164763 hits=65937,
t080_hash_table_chaining.c,-O1,gcc-12,OK,PASS,0,0.0701,0.016146,16120,distinct=164763 hits=65937,
t080_hash_table_chaining.c,-O1,clang-11,OK,PASS,0,0.0876,0.015875,16064,distinct=164763 hits=65937,
t080_hash_table_chaining.c,-O1,clang-15,OK,PASS,0,0.1027,0.016653,16144,distinct=164763 hits=65937,
t080_hash_table_chaining.c,-O2,gcc-9,OK,PASS,0,0.0620,0.015307,16096,distinct=164763 hits=65937,
t080_hash_table_chaining.c,-O2,gcc-12,OK,PASS,0,0.0744,0.016296,16088,distinct=164763 hits=65937,
t080_hash_table_chaining.c,-O2,clang-11,OK,PASS,0,0.0939,0.018152,16040,distinct=164763 hits=65937,
t080_hash_table_chaining.c,-O2,clang-15,OK,PASS,0,0.0978,0.015942,16144,distinct=164763 hits=65937,
t080_hash_table_chaining.c,-O3,gcc-9,OK,PASS,0,0.0652,0.015533,16096,distinct=164763 hits=65937,
t080_hash_table_chaining.c,-O3,gcc-12,OK,PASS,0,0.0730,0.015492,16088,distinct=164763 hits=65937,
t080_hash_table_chaining.c,-O3,clang-11,OK,PASS,0,0.0880,0.017353,16040,distinct=164763 hits=65937,
t080_hash_table_chaining.c,-O3,clang-15,OK,PASS,0,0.0997,0.016088,16144,distinct=164763 hits=65937,
t081_bracket_matching_stack.c,-O0,gcc-9,OK,PASS,0,0.0541,0.038910,16240,length=1000570 maxdepth=1348 valid=1 corrupted_first_error=500286,
t081_bracket_matching_stack.c,-O0,gcc-12,OK,PASS,0,0.0571,0.039082,16232,length=1000570 maxdepth=1348 valid=1 corrupted_first_error=500286,
t081_bracket_matching_stack.c,-O0,clang-11,OK,PASS,0,0.0794,0.033318,16192,length=1000570 maxdepth=1348 valid=1 corrupted_first_error=500286,
t081_bracket_matching_stack.c,-O0,clang-15,OK,PASS,0,0.0874,0.042943,16304,length=1000570 maxdepth=1348 valid=1 corrupted_first_error=500286,
t081_bracket_matching_stack.c,-O1,gcc-9,OK,PASS,0,0.0631,0.024745,16248,length=1000570 maxdepth=1348 valid=1 corrupted_first_error=500286,
t081_bracket_matching_stack.c,-O1,gcc-12,OK,PASS,0,0.0749,0.023831,16240,length=1000570 maxdepth=1348 valid=1 corrupted_first_error=500286,
t081_bracket_matching_stack.c,-O1,clang-11,OK,PASS,0,0.0921,0.028184,16192,length=1000570 maxdepth=1348 valid=1 corrupted_first_error=500286,
t081_bracket_matching_stack.c,-O1,clang-15,OK,PASS,0,0.1044,0.022697,16248,length=1000570 maxdepth=1348 valid=1 corrupted_first_error=500286,
t081_bracket_matching_stack.c,-O2,gcc-9,OK,PASS,0,0.0700,0.021228,16224,length=1000570 maxdepth=1348 valid=1 corrupted_first_error=500286,
t081_bracket_matching_stack.c,-O2,gcc-12,OK,PASS,0,0.0834,0.021814,16208,length=1000570 maxdepth=1348 valid=1 corrupted_first_error=500286,
t081_bracket_matching_stack.c,-O2,clang-11,OK,PASS,0,0.1032,0.023751,16136,length=1000570 maxdepth=1348 valid=1 corrupted_first_error=500286,
t081_bracket_matching_stack.c,-O2,clang-15,OK,PASS,0,0.2820,0.025918,16248,length=1000570 maxdepth=1348 valid=1 corrupted_first_error=500286,
t081_bracket_matching_stack.c,-O3,gcc-9,OK,PASS,0,0.0799,0.021261,16224,length=1000570 maxdepth=1348 valid=1 corrupted_first_error=500286,
t081_bracket_matching_stack.c,-O3,gcc-12,OK,PASS,0,0.0819,0.020643,16208,length=1000570 maxdepth=1348 valid=1 corrupted_first_error=500286,
t081_bracket_matching_stack.c,-O3,clang-11,OK,PASS,0,0.1044,0.024558,16136,length=1000570 maxdepth=1348 valid=1 corrupted_first_error=500286,
t081_bracket_matching_stack.c,-O3,clang-15,OK,PASS,0,0.1146,0.024653,16248,length=1000570 maxdepth=1348 valid=1 corrupted_first_error=500286,
t082_brainfuck_interpreter.c,-O0,gcc-9,OK,PASS,0,0.0570,0.002334,16288,"Hello World!
checksum=5451959522593870624",
t082_brainfuck_interpreter.c,-O0,gcc-12,OK,PASS,0,0.0555,0.002344,16280,"Hello World!
checksum=5451959522593870624",
t082_brainfuck_interpreter.c,-O0,clang-11,OK,PASS,0,0.0787,0.003095,16136,"Hello World!
checksum=5451959522593870624",
t082_brainfuck_interpreter.c,-O0,clang-15,OK,PASS,0,0.0882,0.002316,16240,"Hello World!
checksum=5451959522593870624",
t082_brainfuck_interpreter.c,-O1,gcc-9,OK,PASS,0,0.0590,0.001573,16184,"Hello World!
checksum=5451959522593870624",
t082_brainfuck_interpreter.c,-O1,gcc-12,OK,PASS,0,0.0693,0.001615,16216,"Hello World!
checksum=5451959522593870624",
t082_brainfuck_interpreter.c,-O1,clang-11,OK,PASS,0,0.0867,0.001598,16080,"Hello World!
checksum=5451959522593870624",
t082_brainfuck_interpreter.c,-O1,clang-15,OK,PASS,0,0.0912,0.001556,16192,"Hello World!
checksum=5451959522593870624",
t082_brainfuck_interpreter.c,-O2,gcc-9,OK,PASS,0,0.0663,0.001917,16192,"Hello World!
checksum=5451959522593870624",
t082_brainfuck_interpreter.c,-O2,gcc-12,OK,PASS,0,0.0772,0.002077,16184,"Hello World!
checksum=5451959522593870624",
t082_brainfuck_interpreter.c,-O2,clang-11,OK,PASS,0,0.0920,0.001741,16056,"Hello World!
checksum=5451959522593870624",
t082_brainfuck_interpreter.c,-O2,clang-15,OK,PASS,0,0.0989,0.001645,16192,"Hello World!
checksum=5451959522593870624",
t082_brainfuck_interpreter.c,-O3,gcc-9,OK,PASS,0,0.0685,0.002029,16192,"Hello World!
checksum=5451959522593870624",
t082_brainfuck_interpreter.c,-O3,gcc-12,OK,PASS,0,0.0822,0.002531,16184,"Hello World!
checksum=5451959522593870624",
t082_brainfuck_interpreter.c,-O3,clang-11,OK,PASS,0,0.1011,0.001780,16056,"Hello World!
checksum=5451959522593870624",
t082_brainfuck_interpreter.c,-O3,clang-15,OK,PASS,0,0.1061,0.001550,16192,"Hello World!
checksum=5451959522593870624",
t083_game_of_life.c,-O0,gcc-9,OK,PASS,0,0.0462,0.044531,16072,live=265 checksum=7091891859830262519,
t083_game_of_life.c,-O0,gcc-12,OK,PASS,0,0.0552,0.044143,16072,live=265 checksum=7091891859830262519,
t083_game_of_life.c,-O0,clang-11,OK,PASS,0,0.0699,0.051426,16024,live=265 checksum=7091891859830262519,
t083_game_of_life.c,-O0,clang-15,OK,PASS,0,0.0816,0.054280,16136,live=265 checksum=7091891859830262519,
t083_game_of_life.c,-O1,gcc-9,OK,PASS,0,0.0625,0.019792,16048,live=265 checksum=7091891859830262519,
t083_game_of_life.c,-O1,gcc-12,OK,PASS,0,0.0767,0.020424,16048,live=265 checksum=7091891859830262519,
t083_game_of_life.c,-O1,clang-11,OK,PASS,0,0.0870,0.022902,16024,live=265 checksum=7091891859830262519,
t083_game_of_life.c,-O1,clang-15,OK,PASS,0,0.0982,0.021976,16104,live=265 checksum=7091891859830262519,
t083_game_of_life.c,-O2,gcc-9,OK,PASS,0,0.0736,0.013199,16048,live=265 checksum=7091891859830262519,
t083_game_of_life.c,-O2,gcc-12,OK,PASS,0,0.0835,0.013232,16048,live=265 checksum=7091891859830262519,
t083_game_of_life.c,-O2,clang-11,OK,PASS,0,0.0952,0.006335,15992,live=265 checksum=7091891859830262519,
t083_game_of_life.c,-O2,clang-15,OK,PASS,0,0.1044,0.006046,16104,live=265 checksum=7091891859830262519,
t083_game_of_life.c,-O3,gcc-9,OK,PASS,0,0.0755,0.005020,16048,live=265 checksum=7091891859830262519,
t083_game_of_life.c,-O3,gcc-12,OK,PASS,0,0.0931,0.005154,16048,live=265 checksum=7091891859830262519,
t083_game_of_life.c,-O3,clang-11,OK,PASS,0,0.0962,0.006234,15992,live=265 checksum=7091891859830262519,
t083_game_of_life.c,-O3,clang-15,OK,PASS,0,0.1049,0.006197,16104,live=265 checksum=7091891859830262519,
t084_sudoku_backtracking.c,-O0,gcc-9,OK,PASS,0,0.0478,0.012514,16264,"solved=1 nodes=4208 534678912672195348198342567859761423426853791713924856961537284287419635345286179
solved=1 nodes=49558 812753649943682175675491283154237896369845721287169534521974368438526917796318452",
t084_sudoku_backtracking.c,-O0,gcc-12,OK,PASS,0,0.0571,0.013023,16264,"solved=1 nodes=4208 534678912672195348198342567859761423426853791713924856961537284287419635345286179
solved=1 nodes=49558 812753649943682175675491283154237896369845721287169534521974368438526917796318452",
t084_sudoku_backtracking.c,-O0,clang-11,OK,PASS,0,0.0736,0.013155,16104,"solved=1 nodes=4208 534678912672195348198342567859761423426853791713924856961537284287419635345286179
solved=1 nodes=49558 812753649943682175675491283154237896369845721287169534521974368438526917796318452",
t084_sudoku_backtracking.c,-O0,clang-15,OK,PASS,0,0.0851,0.013881,16288,"solved=1 nodes=4208 534678912672195348198342567859761423426853791713924856961537284287419635345286179
solved=1 nodes=49558 812753649943682175675491283154237896369845721287169534521974368438526917796318452",
t084_sudoku_backtracking.c,-O1,gcc-9,OK,PASS,0,0.0685,0.005317,16216,"solved=1 nodes=4208 534678912672195348198342567859761423426853791713924856961537284287419635345286179
solved=1 nodes=49558 812753649943682175675491283154237896369845721287169534521974368438526917796318452",
t084_sudoku_backtracking.c,-O1,gcc-12,OK,PASS,0,0.0780,0.005785,16208,"solved=1 nodes=4208 534678912672195348198342567859761423426853791713924856961537284287419635345286179
solved=1 nodes=49558 812753649943682175675491283154237896369845721287169534521974368438526917796318452",
t084_sudoku_backtracking.c,-O1,clang-11,OK,PASS,0,0.1037,0.006863,16104,"solved=1 nodes=4208 534678912672195348198342567859761423426853791713924856961537284287419635345286179
solved=1 nodes=49558 812753649943682175675491283154237896369845721287169534521974368438526917796318452",
t084_sudoku_backtracking.c,-O1,clang-15,OK,PASS,0,0.1162,0.006545,16224,"solved=1 nodes=4208 534678912672195348198342567859761423426853791713924856961537284287419635345286179
solved=1 nodes=49558 812753649943682175675491283154237896369845721287169534521974368438526917796318452",
t084_sudoku_backtracking.c,-O2,gcc-9,OK,PASS,0,0.0703,0.005373,16216,"solved=1 nodes=4208 534678912672195348198342567859761423426853791713924856961537284287419635345286179
solved=1 nodes=49558 812753649943682175675491283154237896369845721287169534521974368438526917796318452",
t084_sudoku_backtracking.c,-O2,gcc-12,OK,PASS,0,0.0840,0.005638,16208,"solved=1 nodes=4208 534678912672195348198342567859761423426853791713924856961537284287419635345286179
solved=1 nodes=49558 812753649943682175675491283154237896369845721287169534521974368438526917796318452",
t084_sudoku_backtracking.c,-O2,clang-11,OK,PASS,0,0.1091,0.004607,16120,"solved=1 nodes=4208 534678912672195348198342567859761423426853791713924856961537284287419635345286179
solved=1 nodes=49558 812753649943682175675491283154237896369845721287169534521974368438526917796318452",
t084_sudoku_backtracking.c,-O2,clang-15,OK,PASS,0,0.1205,0.005069,16224,"solved=1 nodes=4208 534678912672195348198342567859761423426853791713924856961537284287419635345286179
solved=1 nodes=49558 812753649943682175675491283154237896369845721287169534521974368438526917796318452",
t084_sudoku_backtracking.c,-O3,gcc-9,OK,PASS,0,0.1156,0.004740,16216,"solved=1 nodes=4208 534678912672195348198342567859761423426853791713924856961537284287419635345286179
solved=1 nodes=49558 812753649943682175675491283154237896369845721287169534521974368438526917796318452",
t084_sudoku_backtracking.c,-O3,gcc-12,OK,PASS,0,0.1690,0.005123,16240,"solved=1 nodes=4208 534678912672195348198342567859761423426853791713924856961537284287419635345286179
solved=1 nodes=49558 812753649943682175675491283154237896369845721287169534521974368438526917796318452",
t084_sudoku_backtracking.c,-O3,clang-11,OK,PASS,0,0.1145,0.004788,16120,"solved=1 nodes=4208 534678912672195348198342567859761423426853791713924856961537284287419635345286179
solved=1 nodes=49558 812753649943682175675491283154237896369845721287169534521974368438526917796318452",
t084_sudoku_backtracking.c,-O3,clang-15,OK,PASS,0,0.1185,0.004870,16224,"solved=1 nodes=4208 534678912672195348198342567859761423426853791713924856961537284287419635345286179
solved=1 nodes=49558 812753649943682175675491283154237896369845721287169534521974368438526917796318452",
t085_expression_parser.c,-O0,gcc-9,OK,PASS,0,0.0519,0.009566,16256,total=17050537 longest=144,
t085_expression_parser.c,-O0,gcc-12,OK,PASS,0,0.0585,0.010071,16248,total=17050537 longest=144,
t085_expression_parser.c,-O0,clang-11,OK,PASS,0,0.0772,0.009566,16216,total=17050537 longest=144,
t085_expression_parser.c,-O0,clang-15,OK,PASS,0,0.0856,0.010570,16320,total=17050537 longest=144,
t085_expression_parser.c,-O1,gcc-9,OK,PASS,0,0.0726,0.008520,16288,total=17050537 longest=144,
t085_expression_parser.c,-O1,gcc-12,OK,PASS,0,0.0803,0.008376,16280,total=17050537 longest=144,
t085_expression_parser.c,-O1,clang-11,OK,PASS,0,0.0979,0.008438,16216,total=17050537 longest=144,
t085_expression_parser.c,-O1,clang-15,OK,PASS,0,0.1120,0.008582,16232,total=17050537 longest=144,
t085_expression_parser.c,-O2,gcc-9,OK,PASS,0,0.0807,0.008053,16256,total=17050537 longest=144,
t085_expression_parser.c,-O2,gcc-12,OK,PASS,0,0.0962,0.007970,16248,total=17050537 longest=144,
t085_expression_parser.c,-O2,clang-11,OK,PASS,0,0.1059,0.008075,16128,total=17050537 longest=144,
t085_expression_parser.c,-O2,clang-15,OK,PASS,0,0.1231,0.008057,16232,total=17050537 longest=144,
t085_expression_parser.c,-O3,gcc-9,OK,PASS,0,0.1345,0.007772,16224,total=17050537 longest=144,
t085_expression_parser.c,-O3,gcc-12,OK,PASS,0,0.1799,0.007721,16216,total=17050537 longest=144,
t085_expression_parser.c,-O3,clang-11,OK,PASS,0,0.1170,0.007934,16128,total=17050537 longest=144,
t085_expression_parser.c,-O3,clang-15,OK,PASS,0,0.1204,0.007812,16232,total=17050537 longest=144,
t086_ub_signed_overflow_loop.c,-O0,gcc-9,OK,PASS,0,0.0456,0.001000,16056,3,
t086_ub_signed_overflow_loop.c,-O0,gcc-12,OK,PASS,0,0.0552,0.000962,16056,3,
t086_ub_signed_overflow_loop.c,-O0,clang-11,OK,PASS,0,0.0743,0.001089,15936,3,
t086_ub_signed_overflow_loop.c,-O0,clang-15,OK,PASS,0,0.0828,0.000990,16048,3,
t086_ub_signed_overflow_loop.c,-O1,gcc-9,OK,PASS,0,0.0492,0.000954,15992,3,
t086_ub_signed_overflow_loop.c,-O1,gcc-12,OK,PASS,0,0.0584,0.001021,15992,3,
t086_ub_signed_overflow_loop.c,-O1,clang-11,OK,PASS,0,0.0794,0.001026,15936,11,
t086_ub_signed_overflow_loop.c,-O1,clang-15,OK,PASS,0,0.0856,0.001091,16048,11,
t086_ub_signed_overflow_loop.c,-O2,gcc-9,OK,TIMEOUT,,0.0498,,15800,,Program execution timed out
t086_ub_signed_overflow_loop.c,-O2,gcc-12,OK,TIMEOUT,,0.0573,,15800,,Program execution timed out
t086_ub_signed_overflow_loop.c,-O2,clang-11,OK,PASS,0,0.0835,0.001007,15936,11,
t086_ub_signed_overflow_loop.c,-O2,clang-15,OK,PASS,0,0.0857,0.001071,16048,11,
t086_ub_signed_overflow_loop.c,-O3,gcc-9,OK,RUNTIME ERROR,-11,0.0487,,15800,,Exit code: -11
t086_ub_signed_overflow_loop.c,-O3,gcc-12,OK,RUNTIME ERROR,-11,0.0656,,15800,,Exit code: -11
t086_ub_signed_overflow_loop.c,-O3,clang-11,OK,PASS,0,0.0967,0.001050,15936,11,
t086_ub_signed_overflow_loop.c,-O3,clang-15,OK,PASS,0,0.1015,0.001162,16048,11,
t087_ub_signed_overflow_compare.c,-O0,gcc-9,OK,PASS,0,0.0547,0.001045,16096,1 1,
t087_ub_signed_overflow_compare.c,-O0,gcc-12,OK,PASS,0,0.0520,0.000937,16096,1 1,
t087_ub_signed_overflow_compare.c,-O0,clang-11,OK,PASS,0,0.0721,0.001048,15984,1 0,
t087_ub_signed_overflow_compare.c,-O0,clang-15,OK,PASS,0,0.0829,0.001008,16088,1 0,
t087_ub_signed_overflow_compare.c,-O1,gcc-9,OK,PASS,0,0.0498,0.000833,16000,1 1,
t087_ub_signed_overflow_compare.c,-O1,gcc-12,OK,PASS,0,0.0592,0.001024,15992,1 1,
t087_ub_signed_overflow_compare.c,-O1,clang-11,OK,PASS,0,0.0816,0.001012,15944,1 1,
t087_ub_signed_overflow_compare.c,-O1,clang-15,OK,PASS,0,0.0893,0.001016,16056,1 1,
t087_ub_signed_overflow_compare.c,-O2,gcc-9,OK,PASS,0,0.0532,0.001029,16000,1 1,
t087_ub_signed_overflow_compare.c,-O2,gcc-12,OK,PASS,0,0.0570,0.000929,15992,1 1,
t087_ub_signed_overflow_compare.c,-O2,clang-11,OK,PASS,0,0.0779,0.000937,15944,1 1,
t087_ub_signed_overflow_compare.c,-O2,clang-15,OK,PASS,0,0.0870,0.001285,16056,1 1,
t087_ub_signed_overflow_compare.c,-O3,gcc-9,OK,PASS,0,0.0525,0.001409,16000,1 1,
t087_ub_signed_overflow_compare.c,-O3,gcc-12,OK,PASS,0,0.0634,0.001081,15992,1 1,
t087_ub_signed_overflow_compare.c,-O3,clang-11,OK,PASS,0,0.0877,0.001026,15944,1 1,
t087_ub_signed_overflow_compare.c,-O3,clang-15,OK,PASS,0,0.0846,0.001110,16056,1 1,
t088_ub_signed_overflow_multiply_divide.c,-O0,gcc-9,OK,PASS,0,0.0467,0.000858,16112,5000 7,
t088_ub_signed_overflow_multiply_divide.c,-O0,gcc-12,OK,PASS,0,0.0519,0.000934,16104,5000 7,
t088_ub_signed_overflow_multiply_divide.c,-O0,clang-11,OK,PASS,0,0.0766,0.001029,15992,705 7,
t088_ub_signed_overflow_multiply_divide.c,-O0,clang-15,OK,PASS,0,0.0853,0.001041,16104,705 7,
t088_ub_signed_overflow_multiply_divide.c,-O1,gcc-9,OK,PASS,0,0.0490,0.000927,16008,5000 7,
t088_ub_signed_overflow_multiply_divide.c,-O1,gcc-12,OK,PASS,0,0.0564,0.000872,16000,5000 7,
t088_ub_signed_overflow_multiply_divide.c,-O1,clang-11,OK,PASS,0,0.0804,0.001004,15952,5000 7,
t088_ub_signed_overflow_multiply_divide.c,-O1,clang-15,OK,PASS,0,0.0876,0.001084,16064,5000 7,
t088_ub_signed_overflow_multiply_divide.c,-O2,gcc-9,OK,PASS,0,0.0496,0.000906,16008,5000 7,
t088_ub_signed_overflow_multiply_divide.c,-O2,gcc-12,OK,PASS,0,0.0577,0.001293,16000,5000 7,
t088_ub_signed_overflow_multiply_divide.c,-O2,clang-11,OK,PASS,0,0.0799,0.000930,15952,5000 7,
t088_ub_signed_overflow_multiply_divide.c,-O2,clang-15,OK,PASS,0,0.0900,0.001000,16064,5000 7,
t088_ub_signed_overflow_multiply_divide.c,-O3,gcc-9,OK,PASS,0,0.0598,0.001074,16008,5000 7,
t088_ub_signed_overflow_multiply_divide.c,-O3,gcc-12,OK,PASS,0,0.0682,0.000926,16000,5000 7,
t088_ub_signed_overflow_multiply_divide.c,-O3,clang-11,OK,PASS,0,0.0859,0.000987,15952,5000 7,
t088_ub_signed_overflow_multiply_divide.c,-O3,clang-15,OK,PASS,0,0.0819,0.001095,16064,5000 7,
t089_ub_strict_aliasing.c,-O0,gcc-9,OK,PASS,0,0.0484,0.000826,16136,1073741824,
t089_ub_strict_aliasing.c,-O0,gcc-12,OK,PASS,0,0.0517,0.000811,16136,1073741824,
t089_ub_strict_aliasing.c,-O0,clang-11,OK,PASS,0,0.0710,0.000989,15968,1073741824,
t089_ub_strict_aliasing.c,-O0,clang-15,OK,PASS,0,0.0863,0.001016,16080,1073741824,
t089_ub_strict_aliasing.c,-O1,gcc-9,OK,PASS,0,0.0487,0.000999,15992,1073741824,
t089_ub_strict_aliasing.c,-O1,gcc-12,OK,PASS,0,0.0617,0.001336,15984,1073741824,
t089_ub_strict_aliasing.c,-O1,clang-11,OK,PASS,0,0.0935,0.001014,15968,1,
t089_ub_strict_aliasing.c,-O1,clang-15,OK,PASS,0,0.0963,0.001451,16048,1,
t089_ub_strict_aliasing.c,-O2,gcc-9,OK,PASS,0,0.0633,0.000928,15992,1,
t089_ub_strict_aliasing.c,-O2,gcc-12,OK,PASS,0,0.0770,0.001216,15984,1,
t089_ub_strict_aliasing.c,-O2,clang-11,OK,PASS,0,0.0823,0.001079,15936,1,
t089_ub_strict_aliasing.c,-O2,clang-15,OK,PASS,0,0.0941,0.001653,16048,1,
t089_ub_strict_aliasing.c,-O3,gcc-9,OK,PASS,0,0.0556,0.001076,15992,1,
t089_ub_strict_aliasing.c,-O3,gcc-12,OK,PASS,0,0.0627,0.000984,15984,1,
t089_ub_strict_aliasing.c,-O3,clang-11,OK,PASS,0,0.0879,0.001011,15936,1,
t089_ub_strict_aliasing.c,-O3,clang-15,OK,PASS,0,0.0962,0.001234,16048,1,
t090_ub_out_of_bounds_global.c,-O0,gcc-9,OK,PASS,0,0.0484,0.001048,16160,10 10,
t090_ub_out_of_bounds_global.c,-O0,gcc-12,OK,PASS,0,0.0584,0.000931,16160,10 10,
t090_ub_out_of_bounds_global.c,-O0,clang-11,OK,PASS,0,0.0795,0.000989,16032,10 10,
t090_ub_out_of_bounds_global.c,-O0,clang-15,OK,PASS,0,0.0781,0.000952,16144,10 10,
t090_ub_out_of_bounds_global.c,-O1,gcc-9,OK,PASS,0,0.0496,0.001052,16024,990059265 10,
t090_ub_out_of_bounds_global.c,-O1,gcc-12,OK,PASS,0,0.0585,0.001306,16024,990059265 10,
t090_ub_out_of_bounds_global.c,-O1,clang-11,OK,PASS,0,0.0856,0.001071,15968,990059265 10,
t090_ub_out_of_bounds_global.c,-O1,clang-15,OK,PASS,0,0.0922,0.000975,16080,990059265 10,
t090_ub_out_of_bounds_global.c,-O2,gcc-9,OK,PASS,0,0.0557,0.000954,16024,990059265 10,
t090_ub_out_of_bounds_global.c,-O2,gcc-12,OK,PASS,0,0.0703,0.001148,16024,990059265 10,
t090_ub_out_of_bounds_global.c,-O2,clang-11,OK,PASS,0,0.0861,0.000900,15968,990059265 10,
t090_ub_out_of_bounds_global.c,-O2,clang-15,OK,PASS,0,0.0919,0.000943,16080,990059265 10,
t090_ub_out_of_bounds_global.c,-O3,gcc-9,OK,PASS,0,0.0552,0.000869,16024,990059265 10,
t090_ub_out_of_bounds_global.c,-O3,gcc-12,OK,PASS,0,0.0645,0.001021,16024,990059265 10,
t090_ub_out_of_bounds_global.c,-O3,clang-11,OK,PASS,0,0.0865,0.000909,15968,990059265 10,
t090_ub_out_of_bounds_global.c,-O3,clang-15,OK,PASS,0,0.0871,0.001076,16080,990059265 10,
t091_ub_sequence_point.c,-O0,gcc-9,OK,PASS,0,0.0476,0.001101,16104,4 0 0,
t091_ub_sequence_point.c,-O0,gcc-12,OK,PASS,0,0.0569,0.000952,16104,4 0 0,
t091_ub_sequence_point.c,-O0,clang-11,OK,PASS,0,0.0726,0.000976,15984,4 0 0,
t091_ub_sequence_point.c,-O0,clang-15,OK,PASS,0,0.0778,0.000924,16096,4 0 0,
t091_ub_sequence_point.c,-O1,gcc-9,OK,PASS,0,0.0492,0.000908,15992,4 0 0,
t091_ub_sequence_point.c,-O1,gcc-12,OK,PASS,0,0.0575,0.000809,15984,4 0 0,
t091_ub_sequence_point.c,-O1,clang-11,OK,PASS,0,0.0783,0.000871,15936,4 0 0,
t091_ub_sequence_point.c,-O1,clang-15,OK,PASS,0,0.0908,0.001041,16040,4 0 0,
t091_ub_sequence_point.c,-O2,gcc-9,OK,PASS,0,0.0617,0.001040,15992,4 0 0,
t091_ub_sequence_point.c,-O2,gcc-12,OK,PASS,0,0.0782,0.001005,15984,4 0 0,
t091_ub_sequence_point.c,-O2,clang-11,OK,PASS,0,0.0942,0.001018,15936,4 0 0,
t091_ub_sequence_point.c,-O2,clang-15,OK,PASS,0,0.0874,0.000970,16040,4 0 0,
t091_ub_sequence_point.c,-O3,gcc-9,OK,PASS,0,0.0504,0.000824,15992,4 0 0,
t091_ub_sequence_point.c,-O3,gcc-12,OK,PASS,0,0.0589,0.000821,15984,4 0 0,
t091_ub_sequence_point.c,-O3,clang-11,OK,PASS,0,0.0749,0.000897,15936,4 0 0,
t091_ub_sequence_point.c,-O3,clang-15,OK,PASS,0,0.0854,0.001036,16040,4 0 0,
t092_ub_argument_evaluation_order.c,-O0,gcc-9,OK,PASS,0,0.0481,0.000837,16152,"3 2 1
45",
t092_ub_argument_evaluation_order.c,-O0,gcc-12,OK,PASS,0,0.0525,0.000930,16152,"3 2 1
45",
t092_ub_argument_evaluation_order.c,-O0,clang-11,OK,PASS,0,0.0685,0.000933,16032,"1 2 3
45",
t092_ub_argument_evaluation_order.c,-O0,clang-15,OK,PASS,0,0.0811,0.000977,16144,"1 2 3
45",
t092_ub_argument_evaluation_order.c,-O1,gcc-9,OK,PASS,0,0.0519,0.000828,16032,"3 2 1
45",
t092_ub_argument_evaluation_order.c,-O1,gcc-12,OK,PASS,0,0.0572,0.000918,16032,"3 2 1
45",
t092_ub_argument_evaluation_order.c,-O1,clang-11,OK,PASS,0,0.0753,0.000976,16032,"1 2 3
45",
t092_ub_argument_evaluation_order.c,-O1,clang-15,OK,PASS,0,0.0880,0.001061,16088,"1 2 3
45",
t092_ub_argument_evaluation_order.c,-O2,gcc-9,OK,PASS,0,0.0549,0.000964,16032,"3 2 1
45",
t092_ub_argument_evaluation_order.c,-O2,gcc-12,OK,PASS,0,0.0683,0.001071,16032,"3 2 1
45",
t092_ub_argument_evaluation_order.c,-O2,clang-11,OK,PASS,0,0.0856,0.000977,15976,"1 2 3
45",
t092_ub_argument_evaluation_order.c,-O2,clang-15,OK,PASS,0,0.0819,0.000995,16088,"1 2 3
45",
t092_ub_argument_evaluation_order.c,-O3,gcc-9,OK,PASS,0,0.0501,0.000986,16032,"3 2 1
45",
t092_ub_argument_evaluation_order.c,-O3,gcc-12,OK,PASS,0,0.0623,0.000877,16032,"3 2 1
45",
t092_ub_argument_evaluation_order.c,-O3,clang-11,OK,PASS,0,0.0948,0.001227,15976,"1 2 3
45",
t092_ub_argument_evaluation_order.c,-O3,clang-15,OK,PASS,0,0.1085,0.001378,16088,"1 2 3
45",
t093_ub_modify_const_object.c,-O0,gcc-9,OK,PASS,0,0.0492,0.001118,16112,7 7,
t093_ub_modify_const_object.c,-O0,gcc-12,OK,PASS,0,0.0549,0.000822,16104,7 7,
t093_ub_modify_const_object.c,-O0,clang-11,OK,PASS,0,0.0707,0.001008,15936,5 7,
t093_ub_modify_const_object.c,-O0,clang-15,OK,PASS,0,0.0810,0.001050,16048,5 7,
t093_ub_modify_const_object.c,-O1,gcc-9,OK,PASS,0,0.0535,0.000867,15992,5 7,
t093_ub_modify_const_object.c,-O1,gcc-12,OK,PASS,0,0.0625,0.000889,15992,5 7,
t093_ub_modify_const_object.c,-O1,clang-11,OK,PASS,0,0.0838,0.001261,15936,5 7,
t093_ub_modify_const_object.c,-O1,clang-15,OK,PASS,0,0.0929,0.001052,16048,5 7,
t093_ub_modify_const_object.c,-O2,gcc-9,OK,PASS,0,0.0516,0.001134,15992,5 7,
t093_ub_modify_const_object.c,-O2,gcc-12,OK,PASS,0,0.0598,0.001069,15992,5 7,
t093_ub_modify_const_object.c,-O2,clang-11,OK,PASS,0,0.0756,0.000850,15936,5 7,
t093_ub_modify_const_object.c,-O2,clang-15,OK,PASS,0,0.0836,0.000969,16048,5 7,
t093_ub_modify_const_object.c,-O3,gcc-9,OK,PASS,0,0.0475,0.000871,15992,5 7,
t093_ub_modify_const_object.c,-O3,gcc-12,OK,PASS,0,0.0554,0.000830,15992,5 7,
t093_ub_modify_const_object.c,-O3,clang-11,OK,PASS,0,0.0783,0.000973,15936,5 7,
t093_ub_modify_const_object.c,-O3,clang-15,OK,PASS,0,0.0846,0.001088,16048,5 7,
t094_ub_division_by_zero_unused.c,-O0,gcc-9,OK,RUNTIME ERROR,-8,0.0447,,16056,,Exit code: -8
t094_ub_division_by_zero_unused.c,-O0,gcc-12,OK,RUNTIME ERROR,-8,0.0539,,16056,,Exit code: -8
t094_ub_division_by_zero_unused.c,-O0,clang-11,OK,RUNTIME ERROR,-8,0.0772,,15944,,Exit code: -8
t094_ub_division_by_zero_unused.c,-O0,clang-15,OK,RUNTIME ERROR,-8,0.0814,,16056,,Exit code: -8
t094_ub_division_by_zero_unused.c,-O1,gcc-9,OK,PASS,0,0.0495,0.000777,15992,done,
t094_ub_division_by_zero_unused.c,-O1,gcc-12,OK,PASS,0,0.0591,0.000766,15984,done,
t094_ub_division_by_zero_unused.c,-O1,clang-11,OK,PASS,0,0.0826,0.000948,15944,done,
t094_ub_division_by_zero_unused.c,-O1,clang-15,OK,PASS,0,0.1071,0.001082,16048,done,
t094_ub_division_by_zero_unused.c,-O2,gcc-9,OK,PASS,0,0.0501,0.000958,15992,done,
t094_ub_division_by_zero_unused.c,-O2,gcc-12,OK,PASS,0,0.0630,0.000880,15984,done,
t094_ub_division_by_zero_unused.c,-O2,clang-11,OK,PASS,0,0.0875,0.001388,15944,done,
t094_ub_division_by_zero_unused.c,-O2,clang-15,OK,PASS,0,0.0976,0.000922,16048,done,
t094_ub_division_by_zero_unused.c,-O3,gcc-9,OK,PASS,0,0.0568,0.000962,15992,done,
t094_ub_division_by_zero_unused.c,-O3,gcc-12,OK,PASS,0,0.0701,0.001104,15984,done,
t094_ub_division_by_zero_unused.c,-O3,clang-11,OK,PASS,0,0.0802,0.001174,15944,done,
t094_ub_division_by_zero_unused.c,-O3,clang-15,OK,PASS,0,0.0964,0.001137,16048,done,
t095_ub_restrict_violation.c,-O0,gcc-9,OK,PASS,0,0.0535,0.001323,16184,2 3 3 3 3 3 3 3,
t095_ub_restrict_violation.c,-O0,gcc-12,OK,PASS,0,0.0614,0.001315,16184,2 3 3 3 3 3 3 3,
t095_ub_restrict_violation.c,-O0,clang-11,OK,PASS,0,0.0775,0.001415,15968,2 3 3 3 3 3 3 3,
t095_ub_restrict_violation.c,-O0,clang-15,OK,PASS,0,0.0899,0.001421,16080,2 3 3 3 3 3 3 3,
t095_ub_restrict_violation.c,-O1,gcc-9,OK,PASS,0,0.0565,0.000950,16088,2 3 3 3 3 3 3 3,
t095_ub_restrict_violation.c,-O1,gcc-12,OK,PASS,0,0.0641,0.000968,16088,2 2 2 2 2 2 2 2,
t095_ub_restrict_violation.c,-O1,clang-11,OK,PASS,0,0.1000,0.001080,16024,2 2 2 2 2 2 2 2,
t095_ub_restrict_violation.c,-O1,clang-15,OK,PASS,0,0.1029,0.001024,16096,2 2 2 2 2 2 2 2,
t095_ub_restrict_violation.c,-O2,gcc-9,OK,PASS,0,0.0647,0.001025,16088,2 3 3 3 3 3 3 3,
t095_ub_restrict_violation.c,-O2,gcc-12,OK,PASS,0,0.0722,0.001033,16088,2 2 2 2 2 2 2 2,
t095_ub_restrict_violation.c,-O2,clang-11,OK,PASS,0,0.0893,0.001062,15992,2 2 2 2 2 2 2 2,
t095_ub_restrict_violation.c,-O2,clang-15,OK,PASS,0,0.1084,0.001161,16096,2 2 2 2 2 2 2 2,
t095_ub_restrict_violation.c,-O3,gcc-9,OK,PASS,0,0.0587,0.000952,16088,2 3 3 3 3 3 3 3,
t095_ub_restrict_violation.c,-O3,gcc-12,OK,PASS,0,0.0677,0.000983,16088,2 2 2 2 2 2 2 2,
t095_ub_restrict_violation.c,-O3,clang-11,OK,PASS,0,0.0985,0.001305,15992,2 2 2 2 2 2 2 2,
t095_ub_restrict_violation.c,-O3,clang-15,OK,PASS,0,0.1069,0.001045,16096,2 2 2 2 2 2 2 2,
t096_ub_memcpy_overlap.c,-O0,gcc-9,OK,PASS,0,0.0449,0.000931,16144,abcabcdefghijklmnopqrstuvwxy23456789,
t096_ub_memcpy_overlap.c,-O0,gcc-12,OK,PASS,0,0.0529,0.000814,16144,abcabcdefghijklmnopqrstuvwxy23456789,
t096_ub_memcpy_overlap.c,-O0,clang-11,OK,PASS,0,0.0808,0.001044,15984,abcabcdefghfghlmnopnoptuvwxv23456789,
t096_ub_memcpy_overlap.c,-O0,clang-15,OK,PASS,0,0.0907,0.000969,16088,abcabcdefghfghlmnopnoptuvwxv23456789,
t096_ub_memcpy_overlap.c,-O1,gcc-9,OK,PASS,0,0.0547,0.000902,16032,abcabcdefghijklmnopnoptuvwxv23456789,
t096_ub_memcpy_overlap.c,-O1,gcc-12,OK,PASS,0,0.0708,0.001190,16032,abcabcdefghighijklmnoptuvwxy23456789,
t096_ub_memcpy_overlap.c,-O1,clang-11,OK,PASS,0,0.0871,0.001129,15928,abcabcdefghijklmnopqrstuvwxy23456789,
t096_ub_memcpy_overlap.c,-O1,clang-15,OK,PASS,0,0.0998,0.001445,16040,abcabcdefghijklmnopqrstuvwxy23456789,
t096_ub_memcpy_overlap.c,-O2,gcc-9,OK,PASS,0,0.0591,0.000866,16032,abcabcdefghijklmnopnoptuvwxv23456789,
t096_ub_memcpy_overlap.c,-O2,gcc-12,OK,PASS,0,0.0600,0.000878,16032,abcabcdefghighijklmnoptuvwxy23456789,
t096_ub_memcpy_overlap.c,-O2,clang-11,OK,PASS,0,0.0923,0.001129,15928,abcabcdefghijklmnopqrstuvwxy23456789,
t096_ub_memcpy_overlap.c,-O2,clang-15,OK,PASS,0,0.0985,0.001210,16040,abcabcdefghijklmnopqrstuvwxy23456789,
t096_ub_memcpy_overlap.c,-O3,gcc-9,OK,PASS,0,0.0618,0.001047,16032,abcabcdefghijklmnopnoptuvwxv23456789,
t096_ub_memcpy_overlap.c,-O3,gcc-12,OK,PASS,0,0.0731,0.001177,16032,abcabcdefghighijklmnoptuvwxy23456789,
t096_ub_memcpy_overlap.c,-O3,clang-11,OK,PASS,0,0.0881,0.001162,15928,abcabcdefghijklmnopqrstuvwxy23456789,
t096_ub_memcpy_overlap.c,-O3,clang-15,OK,PASS,0,0.0912,0.001245,16040,abcabcdefghijklmnopqrstuvwxy23456789,
t097_ub_abs_of_int_min.c,-O0,gcc-9,OK,PASS,0,0.0602,0.000972,16056,-2147483648 1,
t097_ub_abs_of_int_min.c,-O0,gcc-12,OK,PASS,0,0.0582,0.000919,16048,-2147483648 1,
t097_ub_abs_of_int_min.c,-O0,clang-11,OK,PASS,0,0.0810,0.001265,15984,-2147483648 1,
t097_ub_abs_of_int_min.c,-O0,clang-15,OK,PASS,0,0.0864,0.000986,16088,-2147483648 1,
t097_ub_abs_of_int_min.c,-O1,gcc-9,OK,PASS,0,0.0515,0.000897,15992,-2147483648 0,
t097_ub_abs_of_int_min.c,-O1,gcc-12,OK,PASS,0,0.0580,0.000920,15984,-2147483648 0,
t097_ub_abs_of_int_min.c,-O1,clang-11,OK,PASS,0,0.0808,0.001010,15936,-2147483648 0,
t097_ub_abs_of_int_min.c,-O1,clang-15,OK,PASS,0,0.0920,0.001024,16040,-2147483648 0,
t097_ub_abs_of_int_min.c,-O2,gcc-9,OK,PASS,0,0.0591,0.001086,15992,-2147483648 0,
t097_ub_abs_of_int_min.c,-O2,gcc-12,OK,PASS,0,0.0666,0.001148,15984,-2147483648 0,
t097_ub_abs_of_int_min.c,-O2,clang-11,OK,PASS,0,0.0921,0.001042,15936,-2147483648 0,
t097_ub_abs_of_int_min.c,-O2,clang-15,OK,PASS,0,0.1007,0.001174,16040,-2147483648 0,
t097_ub_abs_of_int_min.c,-O3,gcc-9,OK,PASS,0,0.0700,0.001101,15992,-2147483648 0,
t097_ub_abs_of_int_min.c,-O3,gcc-12,OK,PASS,0,0.0642,0.000868,15984,-2147483648 0,
t097_ub_abs_of_int_min.c,-O3,clang-11,OK,PASS,0,0.0828,0.001112,15936,-2147483648 0,
t097_ub_abs_of_int_min.c,-O3,clang-15,OK,PASS,0,0.0970,0.001159,16040,-2147483648 0,
t098_ub_pointer_overflow_check.c,-O0,gcc-9,OK,PASS,0,0.0554,0.001077,16144,1,
t098_ub_pointer_overflow_check.c,-O0,gcc-12,OK,PASS,0,0.0581,0.000925,16136,1,
t098_ub_pointer_overflow_check.c,-O0,clang-11,OK,PASS,0,0.0765,0.001110,15968,1,
t098_ub_pointer_overflow_check.c,-O0,clang-15,OK,PASS,0,0.0931,0.001238,16080,1,
t098_ub_pointer_overflow_check.c,-O1,gcc-9,OK,PASS,0,0.0568,0.001038,16000,1,
t098_ub_pointer_overflow_check.c,-O1,gcc-12,OK,PASS,0,0.0626,0.000974,15992,1,
t098_ub_pointer_overflow_check.c,-O1,clang-11,OK,PASS,0,0.0843,0.000992,15968,1,
t098_ub_pointer_overflow_check.c,-O1,clang-15,OK,PASS,0,0.1136,0.001294,16048,1,
t098_ub_pointer_overflow_check.c,-O2,gcc-9,OK,PASS,0,0.0631,0.001089,16000,1,
t098_ub_pointer_overflow_check.c,-O2,gcc-12,OK,PASS,0,0.0691,0.001369,15992,1,
t098_ub_pointer_overflow_check.c,-O2,clang-11,OK,PASS,0,0.1048,0.001136,15944,1,
t098_ub_pointer_overflow_check.c,-O2,clang-15,OK,PASS,0,0.1063,0.001173,16048,1,
t098_ub_pointer_overflow_check.c,-O3,gcc-9,OK,PASS,0,0.0598,0.001005,16000,1,
t098_ub_pointer_overflow_check.c,-O3,gcc-12,OK,PASS,0,0.0698,0.001157,15992,1,
t098_ub_pointer_overflow_check.c,-O3,clang-11,OK,PASS,0,0.0866,0.001246,15944,1,
t098_ub_pointer_overflow_check.c,-O3,clang-15,OK,PASS,0,0.0905,0.000980,16048,1,
t099_ub_signed_overflow_doubling.c,-O0,gcc-9,OK,PASS,0,0.0492,0.000962,16064,31,
t099_ub_signed_overflow_doubling.c,-O0,gcc-12,OK,PASS,0,0.0547,0.000937,16056,31,
t099_ub_signed_overflow_doubling.c,-O0,clang-11,OK,PASS,0,0.0765,0.000940,15944,31,
t099_ub_signed_overflow_doubling.c,-O0,clang-15,OK,PASS,0,0.0856,0.001149,16056,31,
t099_ub_signed_overflow_doubling.c,-O1,gcc-9,OK,PASS,0,0.0520,0.000926,16000,31,
t099_ub_signed_overflow_doubling.c,-O1,gcc-12,OK,PASS,0,0.0611,0.000859,15992,31,
t099_ub_signed_overflow_doubling.c,-O1,clang-11,OK,PASS,0,0.0888,0.001334,15944,50,
t099_ub_signed_overflow_doubling.c,-O1,clang-15,OK,PASS,0,0.1025,0.001245,16056,50,
t099_ub_signed_overflow_doubling.c,-O2,gcc-9,OK,PASS,0,0.0543,0.000988,16000,50,
t099_ub_signed_overflow_doubling.c,-O2,gcc-12,OK,PASS,0,0.0627,0.000928,15992,50,
t099_ub_signed_overflow_doubling.c,-O2,clang-11,OK,PASS,0,0.0818,0.001004,15944,50,
t099_ub_signed_overflow_doubling.c,-O2,clang-15,OK,PASS,0,0.0954,0.001039,16056,50,
t099_ub_signed_overflow_doubling.c,-O3,gcc-9,OK,PASS,0,0.0507,0.000967,16000,50,
t099_ub_signed_overflow_doubling.c,-O3,gcc-12,OK,PASS,0,0.0647,0.000963,15992,50,
t099_ub_signed_overflow_doubling.c,-O3,clang-11,OK,PASS,0,0.0852,0.001069,15944,50,
t099_ub_signed_overflow_doubling.c,-O3,clang-15,OK,PASS,0,0.0880,0.001055,16056,50,
t100_ub_negative_left_shift.c,-O0,gcc-9,OK,PASS,0,0.0463,0.000838,16088,-5 -1,
t100_ub_negative_left_shift.c,-O0,gcc-12,OK,PASS,0,0.0584,0.001068,16088,-5 -1,
t100_ub_negative_left_shift.c,-O0,clang-11,OK,PASS,0,0.0783,0.001252,15976,-5 -1,
t100_ub_negative_left_shift.c,-O0,clang-15,OK,PASS,0,0.1023,0.001205,16080,-5 -1,
t100_ub_negative_left_shift.c,-O1,gcc-9,OK,PASS,0,0.0523,0.000936,15992,-5 -1,
t100_ub_negative_left_shift.c,-O1,gcc-12,OK,PASS,0,0.0663,0.001076,15992,-5 -1,
t100_ub_negative_left_shift.c,-O1,clang-11,OK,PASS,0,0.0874,0.001136,15976,-5 -1,
t100_ub_negative_left_shift.c,-O1,clang-15,OK,PASS,0,0.0990,0.001328,16048,-5 -1,
t100_ub_negative_left_shift.c,-O2,gcc-9,OK,PASS,0,0.0595,0.001068,15992,-5 -1,
t100_ub_negative_left_shift.c,-O2,gcc-12,OK,PASS,0,0.0694,0.000847,15992,-5 -1,
t100_ub_negative_left_shift.c,-O2,clang-11,OK,PASS,0,0.0826,0.001100,15936,-5 -1,
t100_ub_negative_left_shift.c,-O2,clang-15,OK,PASS,0,0.0900,0.000915,16048,-5 -1,
t100_ub_negative_left_shift.c,-O3,gcc-9,OK,PASS,0,0.0530,0.000893,15992,-5 -1,
t100_ub_negative_left_shift.c,-O3,gcc-12,OK,PASS,0,0.0597,0.000899,15992,-5 -1,
t100_ub_negative_left_shift.c,-O3,clang-11,OK,PASS,0,0.0937,0.001102,15936,-5 -1,
t100_ub_negative_left_shift.c,-O3,clang-15,OK,PASS,0,0.1043,0.001006,16048,-5 -1,
